filename,specimen_id,split
Eocanthecona_Bug_A__00001IMG_00001_BURST20190912100516.jpg,00001,train
Eocanthecona_Bug_A__00001IMG_00001_BURST20190912100850.jpg,00001,train
Eocanthecona_Bug_A__00001IMG_00001_BURST20190912101003.jpg,00001,train
Eocanthecona_Bug_A__00001IMG_00001_BURST20190912101022.jpg,00001,train
Eocanthecona_Bug_A__00001IMG_00001_BURST20190912101631.jpg,00001,train
Eocanthecona_Bug_A__00001IMG_00001_BURST20190913102614.jpg,00001,train
Eocanthecona_Bug_A__00001IMG_00001_BURST20190913102845.jpg,00001,train
Eocanthecona_Bug_A__00001IMG_00001_BURST20190913103037.jpg,00001,train
Eocanthecona_Bug_A__00002IMG_00002_BURST20190912100618.jpg,00002,train
Eocanthecona_Bug_A__00002IMG_00002_BURST20190912100717.jpg,00002,train
Eocanthecona_Bug_A__00002IMG_00002_BURST20190912100850.jpg,00002,train
Eocanthecona_Bug_A__00002IMG_00002_BURST20190912101003.jpg,00002,train
Eocanthecona_Bug_A__00002IMG_00002_BURST20190912101022.jpg,00002,train
Eocanthecona_Bug_A__00002IMG_00002_BURST20190912101457.jpg,00002,train
Eocanthecona_Bug_A__00002IMG_00002_BURST20190912101631.jpg,00002,train
Eocanthecona_Bug_A__00002IMG_00002_BURST20190913102614.jpg,00002,train
Eocanthecona_Bug_A__00002IMG_00002_BURST20190913102845.jpg,00002,train
Eocanthecona_Bug_A__00002IMG_00002_BURST20190913115038.jpg,00002,train
Eocanthecona_Bug_A__00003IMG_00003_BURST20190912100516.jpg,00003,train
Eocanthecona_Bug_A__00003IMG_00003_BURST20190912100717.jpg,00003,train
Eocanthecona_Bug_A__00003IMG_00003_BURST20190912100850.jpg,00003,train
Eocanthecona_Bug_A__00003IMG_00003_BURST20190912101022.jpg,00003,train
Eocanthecona_Bug_A__00003IMG_00003_BURST20190912101457.jpg,00003,train
Eocanthecona_Bug_A__00003IMG_00003_BURST20190912101631.jpg,00003,train
Eocanthecona_Bug_A__00003IMG_00003_BURST20190912101836.jpg,00003,train
Eocanthecona_Bug_A__00003IMG_00003_BURST20190913102614.jpg,00003,train
Eocanthecona_Bug_A__00003IMG_00003_BURST20190913103037.jpg,00003,train
Eocanthecona_Bug_A__00004IMG_00004_BURST20190912100516.jpg,00004,train
Eocanthecona_Bug_A__00004IMG_00004_BURST20190912100618.jpg,00004,train
Eocanthecona_Bug_A__00004IMG_00004_BURST20190912100717.jpg,00004,train
Eocanthecona_Bug_A__00004IMG_00004_BURST20190912100850.jpg,00004,train
Eocanthecona_Bug_A__00004IMG_00004_BURST20190912101003.jpg,00004,train
Eocanthecona_Bug_A__00004IMG_00004_BURST20190912101457.jpg,00004,train
Eocanthecona_Bug_A__00004IMG_00004_BURST20190912101631.jpg,00004,train
Eocanthecona_Bug_A__00004IMG_00004_BURST20190913102732.jpg,00004,train
Eocanthecona_Bug_A__00004IMG_00004_BURST20190913102845.jpg,00004,train
Eocanthecona_Bug_A__00004IMG_00004_BURST20190913103037.jpg,00004,train
Eocanthecona_Bug_A__00004IMG_00004_BURST20190913115038.jpg,00004,train
Eocanthecona_Bug_A__00005IMG_00005_BURST20190912100516.jpg,00005,train
Eocanthecona_Bug_A__00005IMG_00005_BURST20190912100717.jpg,00005,train
Eocanthecona_Bug_A__00005IMG_00005_BURST20190912100850.jpg,00005,train
Eocanthecona_Bug_A__00005IMG_00005_BURST20190912101022.jpg,00005,train
Eocanthecona_Bug_A__00005IMG_00005_BURST20190912101457.jpg,00005,train
Eocanthecona_Bug_A__00005IMG_00005_BURST20190912101631.jpg,00005,train
Eocanthecona_Bug_A__00005IMG_00005_BURST20190912101836.jpg,00005,train
Eocanthecona_Bug_A__00005IMG_00005_BURST20190913102614.jpg,00005,train
Eocanthecona_Bug_A__00005IMG_00005_BURST20190913102732.jpg,00005,train
Eocanthecona_Bug_A__00005IMG_00005_BURST20190913102845.jpg,00005,train
Eocanthecona_Bug_A__00005IMG_00005_BURST20190913103037.jpg,00005,train
Eocanthecona_Bug_A__00005IMG_00005_BURST20190913115038.jpg,00005,train
Eocanthecona_Bug_A__00006IMG_00006_BURST20190912100618.jpg,00006,train
Eocanthecona_Bug_A__00006IMG_00006_BURST20190912100717.jpg,00006,train
Eocanthecona_Bug_A__00006IMG_00006_BURST20190912100850.jpg,00006,train
Eocanthecona_Bug_A__00006IMG_00006_BURST20190912101003.jpg,00006,train
Eocanthecona_Bug_A__00006IMG_00006_BURST20190912101022.jpg,00006,train
Eocanthecona_Bug_A__00006IMG_00006_BURST20190912101457.jpg,00006,train
Eocanthecona_Bug_A__00006IMG_00006_BURST20190912101631.jpg,00006,train
Eocanthecona_Bug_A__00006IMG_00006_BURST20190912101836.jpg,00006,train
Eocanthecona_Bug_A__00006IMG_00006_BURST20190913102845.jpg,00006,train
Eocanthecona_Bug_A__00006IMG_00006_BURST20190913103037.jpg,00006,train
Eocanthecona_Bug_A__00007IMG_00007_BURST20190912100618.jpg,00007,train
Eocanthecona_Bug_A__00007IMG_00007_BURST20190912100850.jpg,00007,train
Eocanthecona_Bug_A__00007IMG_00007_BURST20190912101003.jpg,00007,train
Eocanthecona_Bug_A__00007IMG_00007_BURST20190912101022.jpg,00007,train
Eocanthecona_Bug_A__00007IMG_00007_BURST20190912101457.jpg,00007,train
Eocanthecona_Bug_A__00007IMG_00007_BURST20190912101631.jpg,00007,train
Eocanthecona_Bug_A__00007IMG_00007_BURST20190912101836.jpg,00007,train
Eocanthecona_Bug_A__00007IMG_00007_BURST20190913102614.jpg,00007,train
Eocanthecona_Bug_A__00007IMG_00007_BURST20190913102732.jpg,00007,train
Eocanthecona_Bug_A__00007IMG_00007_BURST20190913102845.jpg,00007,train
Eocanthecona_Bug_A__00007IMG_00007_BURST20190913115038.jpg,00007,train
Eocanthecona_Bug_A__00008IMG_00008_BURST20190912100516.jpg,00008,train
Eocanthecona_Bug_A__00008IMG_00008_BURST20190912100618.jpg,00008,train
Eocanthecona_Bug_A__00008IMG_00008_BURST20190912101022.jpg,00008,train
Eocanthecona_Bug_A__00008IMG_00008_BURST20190912101457.jpg,00008,train
Eocanthecona_Bug_A__00008IMG_00008_BURST20190912101836.jpg,00008,train
Eocanthecona_Bug_A__00008IMG_00008_BURST20190913102614.jpg,00008,train
Eocanthecona_Bug_A__00008IMG_00008_BURST20190913102845.jpg,00008,train
Eocanthecona_Bug_A__00009IMG_00009_BURST20190912100516.jpg,00009,train
Eocanthecona_Bug_A__00009IMG_00009_BURST20190912100717.jpg,00009,train
Eocanthecona_Bug_A__00009IMG_00009_BURST20190912100850.jpg,00009,train
Eocanthecona_Bug_A__00009IMG_00009_BURST20190912101003.jpg,00009,train
Eocanthecona_Bug_A__00009IMG_00009_BURST20190912101631.jpg,00009,train
Eocanthecona_Bug_A__00009IMG_00009_BURST20190912101836.jpg,00009,train
Eocanthecona_Bug_A__00009IMG_00009_BURST20190913102614.jpg,00009,train
Eocanthecona_Bug_A__00009IMG_00009_BURST20190913102845.jpg,00009,train
Eocanthecona_Bug_A__00009IMG_00009_BURST20190913103037.jpg,00009,train
Eocanthecona_Bug_A__00009IMG_00009_BURST20190913115038.jpg,00009,train
Eocanthecona_Bug_A__00010IMG_00010_BURST20190912100516.jpg,00010,train
Eocanthecona_Bug_A__00010IMG_00010_BURST20190912100850.jpg,00010,train
Eocanthecona_Bug_A__00010IMG_00010_BURST20190912101457.jpg,00010,train
Eocanthecona_Bug_A__00010IMG_00010_BURST20190912101836.jpg,00010,train
Eocanthecona_Bug_A__00010IMG_00010_BURST20190913102614.jpg,00010,train
Eocanthecona_Bug_A__00010IMG_00010_BURST20190913102732.jpg,00010,train
Eocanthecona_Bug_A__00010IMG_00010_BURST20190913102845.jpg,00010,train
Eocanthecona_Bug_A__00010IMG_00010_BURST20190913103037.jpg,00010,train
Eocanthecona_Bug_A__00010IMG_00010_BURST20190913115038.jpg,00010,train
Eocanthecona_Bug_A__00011IMG_00011_BURST20190912100516.jpg,00011,train
Eocanthecona_Bug_A__00011IMG_00011_BURST20190912100618.jpg,00011,train
Eocanthecona_Bug_A__00011IMG_00011_BURST20190912100717.jpg,00011,train
Eocanthecona_Bug_A__00011IMG_00011_BURST20190912100850.jpg,00011,train
Eocanthecona_Bug_A__00011IMG_00011_BURST20190912101003.jpg,00011,train
Eocanthecona_Bug_A__00011IMG_00011_BURST20190912101022.jpg,00011,train
Eocanthecona_Bug_A__00011IMG_00011_BURST20190912101457.jpg,00011,train
Eocanthecona_Bug_A__00011IMG_00011_BURST20190912101836.jpg,00011,train
Eocanthecona_Bug_A__00011IMG_00011_BURST20190913102614.jpg,00011,train
Eocanthecona_Bug_A__00011IMG_00011_BURST20190913102732.jpg,00011,train
Eocanthecona_Bug_A__00011IMG_00011_BURST20190913102845.jpg,00011,train
Eocanthecona_Bug_A__00011IMG_00011_BURST20190913103037.jpg,00011,train
Eocanthecona_Bug_A__00011IMG_00011_BURST20190913115038.jpg,00011,train
Eocanthecona_Bug_A__00012IMG_00012_BURST20190912100516.jpg,00012,train
Eocanthecona_Bug_A__00012IMG_00012_BURST20190912100618.jpg,00012,train
Eocanthecona_Bug_A__00012IMG_00012_BURST20190912100850.jpg,00012,train
Eocanthecona_Bug_A__00012IMG_00012_BURST20190912101022.jpg,00012,train
Eocanthecona_Bug_A__00012IMG_00012_BURST20190912101457.jpg,00012,train
Eocanthecona_Bug_A__00012IMG_00012_BURST20190912101631.jpg,00012,train
Eocanthecona_Bug_A__00012IMG_00012_BURST20190913102845.jpg,00012,train
Eocanthecona_Bug_A__00012IMG_00012_BURST20190913103037.jpg,00012,train
Eocanthecona_Bug_A__00012IMG_00012_BURST20190913115038.jpg,00012,train
Eocanthecona_Bug_A__00013IMG_00013_BURST20190912100618.jpg,00013,train
Eocanthecona_Bug_A__00013IMG_00013_BURST20190912100717.jpg,00013,train
Eocanthecona_Bug_A__00013IMG_00013_BURST20190912101003.jpg,00013,train
Eocanthecona_Bug_A__00013IMG_00013_BURST20190912101022.jpg,00013,train
Eocanthecona_Bug_A__00013IMG_00013_BURST20190912101457.jpg,00013,train
Eocanthecona_Bug_A__00013IMG_00013_BURST20190912101631.jpg,00013,train
Eocanthecona_Bug_A__00013IMG_00013_BURST20190913102614.jpg,00013,train
Eocanthecona_Bug_A__00013IMG_00013_BURST20190913102845.jpg,00013,train
Eocanthecona_Bug_A__00013IMG_00013_BURST20190913103037.jpg,00013,train
Eocanthecona_Bug_A__00014IMG_00014_BURST20190912100618.jpg,00014,train
Eocanthecona_Bug_A__00014IMG_00014_BURST20190912100717.jpg,00014,train
Eocanthecona_Bug_A__00014IMG_00014_BURST20190912100850.jpg,00014,train
Eocanthecona_Bug_A__00014IMG_00014_BURST20190912101003.jpg,00014,train
Eocanthecona_Bug_A__00014IMG_00014_BURST20190912101631.jpg,00014,train
Eocanthecona_Bug_A__00014IMG_00014_BURST20190913102614.jpg,00014,train
Eocanthecona_Bug_A__00014IMG_00014_BURST20190913102732.jpg,00014,train
Eocanthecona_Bug_A__00014IMG_00014_BURST20190913103037.jpg,00014,train
Eocanthecona_Bug_A__00014IMG_00014_BURST20190913115038.jpg,00014,train
Eocanthecona_Bug_A__00015IMG_00015_BURST20190912100516.jpg,00015,train
Eocanthecona_Bug_A__00015IMG_00015_BURST20190912100618.jpg,00015,train
Eocanthecona_Bug_A__00015IMG_00015_BURST20190912100717.jpg,00015,train
Eocanthecona_Bug_A__00015IMG_00015_BURST20190912100850.jpg,00015,train
Eocanthecona_Bug_A__00015IMG_00015_BURST20190912101003.jpg,00015,train
Eocanthecona_Bug_A__00015IMG_00015_BURST20190912101022.jpg,00015,train
Eocanthecona_Bug_A__00015IMG_00015_BURST20190912101457.jpg,00015,train
Eocanthecona_Bug_A__00015IMG_00015_BURST20190912101631.jpg,00015,train
Eocanthecona_Bug_A__00015IMG_00015_BURST20190912101836.jpg,00015,train
Eocanthecona_Bug_A__00015IMG_00015_BURST20190913102614.jpg,00015,train
Eocanthecona_Bug_A__00015IMG_00015_BURST20190913102845.jpg,00015,train
Eocanthecona_Bug_A__00016IMG_00016_BURST20190912100516.jpg,00016,train
Eocanthecona_Bug_A__00016IMG_00016_BURST20190912100717.jpg,00016,train
Eocanthecona_Bug_A__00016IMG_00016_BURST20190912100850.jpg,00016,train
Eocanthecona_Bug_A__00016IMG_00016_BURST20190912101022.jpg,00016,train
Eocanthecona_Bug_A__00016IMG_00016_BURST20190912101457.jpg,00016,train
Eocanthecona_Bug_A__00016IMG_00016_BURST20190912101631.jpg,00016,train
Eocanthecona_Bug_A__00016IMG_00016_BURST20190912101836.jpg,00016,train
Eocanthecona_Bug_A__00016IMG_00016_BURST20190913102614.jpg,00016,train
Eocanthecona_Bug_A__00016IMG_00016_BURST20190913102845.jpg,00016,train
Eocanthecona_Bug_A__00016IMG_00016_BURST20190913115038.jpg,00016,train
Eocanthecona_Bug_A__00017IMG_00017_BURST20190912100618.jpg,00017,train
Eocanthecona_Bug_A__00017IMG_00017_BURST20190912100717.jpg,00017,train
Eocanthecona_Bug_A__00017IMG_00017_BURST20190912100850.jpg,00017,train
Eocanthecona_Bug_A__00017IMG_00017_BURST20190912101022.jpg,00017,train
Eocanthecona_Bug_A__00017IMG_00017_BURST20190912101457.jpg,00017,train
Eocanthecona_Bug_A__00017IMG_00017_BURST20190912101836.jpg,00017,train
Eocanthecona_Bug_A__00017IMG_00017_BURST20190913102614.jpg,00017,train
Eocanthecona_Bug_A__00017IMG_00017_BURST20190913102845.jpg,00017,train
Eocanthecona_Bug_A__00017IMG_00017_BURST20190913115038.jpg,00017,train
Eocanthecona_Bug_A__00018IMG_00018_BURST20190912100516.jpg,00018,train
Eocanthecona_Bug_A__00018IMG_00018_BURST20190912100717.jpg,00018,train
Eocanthecona_Bug_A__00018IMG_00018_BURST20190912101631.jpg,00018,train
Eocanthecona_Bug_A__00018IMG_00018_BURST20190912101836.jpg,00018,train
Eocanthecona_Bug_A__00018IMG_00018_BURST20190913102732.jpg,00018,train
Eocanthecona_Bug_A__00018IMG_00018_BURST20190913103037.jpg,00018,train
Eocanthecona_Bug_A__00019IMG_00019_BURST20190912100618.jpg,00019,train
Eocanthecona_Bug_A__00019IMG_00019_BURST20190912100717.jpg,00019,train
Eocanthecona_Bug_A__00019IMG_00019_BURST20190912100850.jpg,00019,train
Eocanthecona_Bug_A__00019IMG_00019_BURST20190912101022.jpg,00019,train
Eocanthecona_Bug_A__00019IMG_00019_BURST20190912101457.jpg,00019,train
Eocanthecona_Bug_A__00019IMG_00019_BURST20190912101836.jpg,00019,train
Eocanthecona_Bug_A__00019IMG_00019_BURST20190913102614.jpg,00019,train
Eocanthecona_Bug_A__00019IMG_00019_BURST20190913102732.jpg,00019,train
Eocanthecona_Bug_A__00019IMG_00019_BURST20190913102845.jpg,00019,train
Eocanthecona_Bug_A__00019IMG_00019_BURST20190913115038.jpg,00019,train
Eocanthecona_Bug_A__00020IMG_00020_BURST20190912100717.jpg,00020,train
Eocanthecona_Bug_A__00020IMG_00020_BURST20190912100850.jpg,00020,train
Eocanthecona_Bug_A__00020IMG_00020_BURST20190912101022.jpg,00020,train
Eocanthecona_Bug_A__00020IMG_00020_BURST20190912101631.jpg,00020,train
Eocanthecona_Bug_A__00020IMG_00020_BURST20190912101836.jpg,00020,train
Eocanthecona_Bug_A__00020IMG_00020_BURST20190913102614.jpg,00020,train
Eocanthecona_Bug_A__00020IMG_00020_BURST20190913102845.jpg,00020,train
Eocanthecona_Bug_A__00020IMG_00020_BURST20190913103037.jpg,00020,train
Eocanthecona_Bug_A__00020IMG_00020_BURST20190913115038.jpg,00020,train
Eocanthecona_Bug_A__00021IMG_00021_BURST20190912100516.jpg,00021,train
Eocanthecona_Bug_A__00021IMG_00021_BURST20190912100717.jpg,00021,train
Eocanthecona_Bug_A__00021IMG_00021_BURST20190912101022.jpg,00021,train
Eocanthecona_Bug_A__00021IMG_00021_BURST20190913102845.jpg,00021,train
Eocanthecona_Bug_A__00021IMG_00021_BURST20190913115038.jpg,00021,train
Eocanthecona_Bug_A__00022IMG_00022_BURST20190912100516.jpg,00022,train
Eocanthecona_Bug_A__00022IMG_00022_BURST20190912100618.jpg,00022,train
Eocanthecona_Bug_A__00022IMG_00022_BURST20190912101457.jpg,00022,train
Eocanthecona_Bug_A__00022IMG_00022_BURST20190912101631.jpg,00022,train
Eocanthecona_Bug_A__00022IMG_00022_BURST20190912101836.jpg,00022,train
Eocanthecona_Bug_A__00022IMG_00022_BURST20190913102614.jpg,00022,train
Eocanthecona_Bug_A__00022IMG_00022_BURST20190913103037.jpg,00022,train
Eocanthecona_Bug_A__00023IMG_00023_BURST20190912100516.jpg,00023,train
Eocanthecona_Bug_A__00023IMG_00023_BURST20190912100618.jpg,00023,train
Eocanthecona_Bug_A__00023IMG_00023_BURST20190912100850.jpg,00023,train
Eocanthecona_Bug_A__00023IMG_00023_BURST20190912101022.jpg,00023,train
Eocanthecona_Bug_A__00023IMG_00023_BURST20190912101457.jpg,00023,train
Eocanthecona_Bug_A__00023IMG_00023_BURST20190913102614.jpg,00023,train
Eocanthecona_Bug_A__00023IMG_00023_BURST20190913102732.jpg,00023,train
Eocanthecona_Bug_A__00023IMG_00023_BURST20190913103037.jpg,00023,train
Eocanthecona_Bug_A__00023IMG_00023_BURST20190913115038.jpg,00023,train
Eocanthecona_Bug_A__00024IMG_00024_BURST20190912100516.jpg,00024,train
Eocanthecona_Bug_A__00024IMG_00024_BURST20190912100618.jpg,00024,train
Eocanthecona_Bug_A__00024IMG_00024_BURST20190912100717.jpg,00024,train
Eocanthecona_Bug_A__00024IMG_00024_BURST20190912101022.jpg,00024,train
Eocanthecona_Bug_A__00024IMG_00024_BURST20190912101457.jpg,00024,train
Eocanthecona_Bug_A__00024IMG_00024_BURST20190912101631.jpg,00024,train
Eocanthecona_Bug_A__00024IMG_00024_BURST20190912101836.jpg,00024,train
Eocanthecona_Bug_A__00024IMG_00024_BURST20190913102732.jpg,00024,train
Eocanthecona_Bug_A__00024IMG_00024_BURST20190913102845.jpg,00024,train
Eocanthecona_Bug_A__00024IMG_00024_BURST20190913103037.jpg,00024,train
Eocanthecona_Bug_A__00025IMG_00025_BURST20190912100516.jpg,00025,train
Eocanthecona_Bug_A__00025IMG_00025_BURST20190912101022.jpg,00025,train
Eocanthecona_Bug_A__00025IMG_00025_BURST20190912101631.jpg,00025,train
Eocanthecona_Bug_A__00025IMG_00025_BURST20190912101836.jpg,00025,train
Eocanthecona_Bug_A__00025IMG_00025_BURST20190913102732.jpg,00025,train
Eocanthecona_Bug_A__00025IMG_00025_BURST20190913102845.jpg,00025,train
Eocanthecona_Bug_A__00025IMG_00025_BURST20190913103037.jpg,00025,train
Eocanthecona_Bug_A__00025IMG_00025_BURST20190913115038.jpg,00025,train
Eocanthecona_Bug_A__00026IMG_00026_BURST20190912100516.jpg,00026,train
Eocanthecona_Bug_A__00026IMG_00026_BURST20190912100618.jpg,00026,train
Eocanthecona_Bug_A__00026IMG_00026_BURST20190912100717.jpg,00026,train
Eocanthecona_Bug_A__00026IMG_00026_BURST20190912101022.jpg,00026,train
Eocanthecona_Bug_A__00026IMG_00026_BURST20190912101457.jpg,00026,train
Eocanthecona_Bug_A__00026IMG_00026_BURST20190912101631.jpg,00026,train
Eocanthecona_Bug_A__00026IMG_00026_BURST20190913102732.jpg,00026,train
Eocanthecona_Bug_A__00026IMG_00026_BURST20190913103037.jpg,00026,train
Eocanthecona_Bug_A__00026IMG_00026_BURST20190913115038.jpg,00026,train
Eocanthecona_Bug_A__00027IMG_00027_BURST20190912100516.jpg,00027,train
Eocanthecona_Bug_A__00027IMG_00027_BURST20190912100717.jpg,00027,train
Eocanthecona_Bug_A__00027IMG_00027_BURST20190912101022.jpg,00027,train
Eocanthecona_Bug_A__00027IMG_00027_BURST20190912101457.jpg,00027,train
Eocanthecona_Bug_A__00027IMG_00027_BURST20190912101631.jpg,00027,train
Eocanthecona_Bug_A__00027IMG_00027_BURST20190912101836.jpg,00027,train
Eocanthecona_Bug_A__00027IMG_00027_BURST20190913102614.jpg,00027,train
Eocanthecona_Bug_A__00027IMG_00027_BURST20190913102732.jpg,00027,train
Eocanthecona_Bug_A__00027IMG_00027_BURST20190913102845.jpg,00027,train
Eocanthecona_Bug_A__00027IMG_00027_BURST20190913103037.jpg,00027,train
Eocanthecona_Bug_A__00027IMG_00027_BURST20190913115038.jpg,00027,train
Eocanthecona_Bug_A__00028IMG_00028_BURST20190912100516.jpg,00028,train
Eocanthecona_Bug_A__00028IMG_00028_BURST20190912100618.jpg,00028,train
Eocanthecona_Bug_A__00028IMG_00028_BURST20190912100717.jpg,00028,train
Eocanthecona_Bug_A__00028IMG_00028_BURST20190912100850.jpg,00028,train
Eocanthecona_Bug_A__00028IMG_00028_BURST20190912101022.jpg,00028,train
Eocanthecona_Bug_A__00028IMG_00028_BURST20190912101457.jpg,00028,train
Eocanthecona_Bug_A__00028IMG_00028_BURST20190913102845.jpg,00028,train
Eocanthecona_Bug_A__00028IMG_00028_BURST20190913103037.jpg,00028,train
Eocanthecona_Bug_A__00028IMG_00028_BURST20190913115038.jpg,00028,train
Eocanthecona_Bug_A__00029IMG_00029_BURST20190912100717.jpg,00029,train
Eocanthecona_Bug_A__00029IMG_00029_BURST20190912101631.jpg,00029,train
Eocanthecona_Bug_A__00029IMG_00029_BURST20190912101836.jpg,00029,train
Eocanthecona_Bug_A__00029IMG_00029_BURST20190913102732.jpg,00029,train
Eocanthecona_Bug_A__00029IMG_00029_BURST20190913102845.jpg,00029,train
Eocanthecona_Bug_A__00029IMG_00029_BURST20190913103037.jpg,00029,train
Eocanthecona_Bug_A__00029IMG_00029_BURST20190913115038.jpg,00029,train
Eocanthecona_Bug_A__00030IMG_00030_BURST20190912100516.jpg,00030,train
Eocanthecona_Bug_A__00030IMG_00030_BURST20190912100618.jpg,00030,train
Eocanthecona_Bug_A__00030IMG_00030_BURST20190912100717.jpg,00030,train
Eocanthecona_Bug_A__00030IMG_00030_BURST20190912100850.jpg,00030,train
Eocanthecona_Bug_A__00030IMG_00030_BURST20190912101022.jpg,00030,train
Eocanthecona_Bug_A__00030IMG_00030_BURST20190913102614.jpg,00030,train
Eocanthecona_Bug_A__00030IMG_00030_BURST20190913102732.jpg,00030,train
Eocanthecona_Bug_A__00030IMG_00030_BURST20190913102845.jpg,00030,train
Eocanthecona_Bug_A__00030IMG_00030_BURST20190913115038.jpg,00030,train
Eocanthecona_Bug_A__00031IMG_00031_BURST20190912100618.jpg,00031,train
Eocanthecona_Bug_A__00031IMG_00031_BURST20190912100717.jpg,00031,train
Eocanthecona_Bug_A__00031IMG_00031_BURST20190912101022.jpg,00031,train
Eocanthecona_Bug_A__00031IMG_00031_BURST20190912101457.jpg,00031,train
Eocanthecona_Bug_A__00031IMG_00031_BURST20190912101836.jpg,00031,train
Eocanthecona_Bug_A__00031IMG_00031_BURST20190913102732.jpg,00031,train
Eocanthecona_Bug_A__00031IMG_00031_BURST20190913103037.jpg,00031,train
Eocanthecona_Bug_A__00031IMG_00031_BURST20190913115038.jpg,00031,train
Eocanthecona_Bug_A__00032IMG_00032_BURST20190912100516.jpg,00032,train
Eocanthecona_Bug_A__00032IMG_00032_BURST20190912101631.jpg,00032,train
Eocanthecona_Bug_A__00032IMG_00032_BURST20190912101836.jpg,00032,train
Eocanthecona_Bug_A__00032IMG_00032_BURST20190913102732.jpg,00032,train
Eocanthecona_Bug_A__00032IMG_00032_BURST20190913102845.jpg,00032,train
Eocanthecona_Bug_A__00032IMG_00032_BURST20190913103037.jpg,00032,train
Eocanthecona_Bug_A__00032IMG_00032_BURST20190913115038.jpg,00032,train
Eocanthecona_Bug_A__00033IMG_00033_BURST20190912100516.jpg,00033,train
Eocanthecona_Bug_A__00033IMG_00033_BURST20190912100618.jpg,00033,train
Eocanthecona_Bug_A__00033IMG_00033_BURST20190912100717.jpg,00033,train
Eocanthecona_Bug_A__00033IMG_00033_BURST20190912101022.jpg,00033,train
Eocanthecona_Bug_A__00033IMG_00033_BURST20190912101457.jpg,00033,train
Eocanthecona_Bug_A__00033IMG_00033_BURST20190913102614.jpg,00033,train
Eocanthecona_Bug_A__00033IMG_00033_BURST20190913102845.jpg,00033,train
Eocanthecona_Bug_A__00033IMG_00033_BURST20190913103037.jpg,00033,train
Eocanthecona_Bug_A__00033IMG_00033_BURST20190913115038.jpg,00033,train
Eocanthecona_Bug_A__00034IMG_00034_BURST20190912100618.jpg,00034,train
Eocanthecona_Bug_A__00034IMG_00034_BURST20190912100850.jpg,00034,train
Eocanthecona_Bug_A__00034IMG_00034_BURST20190912101022.jpg,00034,train
Eocanthecona_Bug_A__00034IMG_00034_BURST20190912101631.jpg,00034,train
Eocanthecona_Bug_A__00034IMG_00034_BURST20190913102614.jpg,00034,train
Eocanthecona_Bug_A__00034IMG_00034_BURST20190913102732.jpg,00034,train
Eocanthecona_Bug_A__00034IMG_00034_BURST20190913102845.jpg,00034,train
Eocanthecona_Bug_A__00034IMG_00034_BURST20190913103037.jpg,00034,train
Eocanthecona_Bug_A__00034IMG_00034_BURST20190913115038.jpg,00034,train
Eocanthecona_Bug_A__00035IMG_00035_BURST20190912100516.jpg,00035,train
Eocanthecona_Bug_A__00035IMG_00035_BURST20190912100717.jpg,00035,train
Eocanthecona_Bug_A__00035IMG_00035_BURST20190912101022.jpg,00035,train
Eocanthecona_Bug_A__00035IMG_00035_BURST20190912101457.jpg,00035,train
Eocanthecona_Bug_A__00035IMG_00035_BURST20190912101631.jpg,00035,train
Eocanthecona_Bug_A__00035IMG_00035_BURST20190912101836.jpg,00035,train
Eocanthecona_Bug_A__00035IMG_00035_BURST20190913102614.jpg,00035,train
Eocanthecona_Bug_A__00035IMG_00035_BURST20190913102732.jpg,00035,train
Eocanthecona_Bug_A__00035IMG_00035_BURST20190913102845.jpg,00035,train
Eocanthecona_Bug_A__00035IMG_00035_BURST20190913103037.jpg,00035,train
Eocanthecona_Bug_A__00036IMG_00036_BURST20190912100850.jpg,00036,train
Eocanthecona_Bug_A__00036IMG_00036_BURST20190912101631.jpg,00036,train
Eocanthecona_Bug_A__00036IMG_00036_BURST20190912101836.jpg,00036,train
Eocanthecona_Bug_A__00036IMG_00036_BURST20190913102614.jpg,00036,train
Eocanthecona_Bug_A__00036IMG_00036_BURST20190913102732.jpg,00036,train
Eocanthecona_Bug_A__00036IMG_00036_BURST20190913102845.jpg,00036,train
Eocanthecona_Bug_A__00036IMG_00036_BURST20190913103037.jpg,00036,train
Eocanthecona_Bug_A__00036IMG_00036_BURST20190913115038.jpg,00036,train
Eocanthecona_Bug_A__00037IMG_00037_BURST20190912100516.jpg,00037,train
Eocanthecona_Bug_A__00037IMG_00037_BURST20190912100618.jpg,00037,train
Eocanthecona_Bug_A__00037IMG_00037_BURST20190912100717.jpg,00037,train
Eocanthecona_Bug_A__00037IMG_00037_BURST20190912100850.jpg,00037,train
Eocanthecona_Bug_A__00037IMG_00037_BURST20190912101457.jpg,00037,train
Eocanthecona_Bug_A__00037IMG_00037_BURST20190912101631.jpg,00037,train
Eocanthecona_Bug_A__00037IMG_00037_BURST20190912101836.jpg,00037,train
Eocanthecona_Bug_A__00037IMG_00037_BURST20190913102732.jpg,00037,train
Eocanthecona_Bug_A__00037IMG_00037_BURST20190913103037.jpg,00037,train
Eocanthecona_Bug_A__00037IMG_00037_BURST20190913115038.jpg,00037,train
Eocanthecona_Bug_A__00038IMG_00038_BURST20190912100717.jpg,00038,train
Eocanthecona_Bug_A__00038IMG_00038_BURST20190912101022.jpg,00038,train
Eocanthecona_Bug_A__00038IMG_00038_BURST20190912101457.jpg,00038,train
Eocanthecona_Bug_A__00038IMG_00038_BURST20190912101631.jpg,00038,train
Eocanthecona_Bug_A__00038IMG_00038_BURST20190912101836.jpg,00038,train
Eocanthecona_Bug_A__00038IMG_00038_BURST20190913102614.jpg,00038,train
Eocanthecona_Bug_A__00038IMG_00038_BURST20190913102732.jpg,00038,train
Eocanthecona_Bug_A__00038IMG_00038_BURST20190913102845.jpg,00038,train
Eocanthecona_Bug_A__00038IMG_00038_BURST20190913103037.jpg,00038,train
Eocanthecona_Bug_A__00038IMG_00038_BURST20190913115038.jpg,00038,train
Eocanthecona_Bug_A__00039IMG_00039_BURST20190912100516.jpg,00039,train
Eocanthecona_Bug_A__00039IMG_00039_BURST20190912100618.jpg,00039,train
Eocanthecona_Bug_A__00039IMG_00039_BURST20190912101457.jpg,00039,train
Eocanthecona_Bug_A__00039IMG_00039_BURST20190912101631.jpg,00039,train
Eocanthecona_Bug_A__00039IMG_00039_BURST20190912101836.jpg,00039,train
Eocanthecona_Bug_A__00039IMG_00039_BURST20190913102732.jpg,00039,train
Eocanthecona_Bug_A__00039IMG_00039_BURST20190913115038.jpg,00039,train
Eocanthecona_Bug_A__00040IMG_00040_BURST20190912100516.jpg,00040,train
Eocanthecona_Bug_A__00040IMG_00040_BURST20190912100850.jpg,00040,train
Eocanthecona_Bug_A__00040IMG_00040_BURST20190912101022.jpg,00040,train
Eocanthecona_Bug_A__00040IMG_00040_BURST20190912101631.jpg,00040,train
Eocanthecona_Bug_A__00040IMG_00040_BURST20190912101836.jpg,00040,train
Eocanthecona_Bug_A__00040IMG_00040_BURST20190913102614.jpg,00040,train
Eocanthecona_Bug_A__00040IMG_00040_BURST20190913102732.jpg,00040,train
Eocanthecona_Bug_A__00040IMG_00040_BURST20190913102845.jpg,00040,train
Eocanthecona_Bug_A__00040IMG_00040_BURST20190913103037.jpg,00040,train
Eocanthecona_Bug_A__00040IMG_00040_BURST20190913115038.jpg,00040,train
Eocanthecona_Bug_A__00041IMG_00041_BURST20190912100516.jpg,00041,train
Eocanthecona_Bug_A__00041IMG_00041_BURST20190912100618.jpg,00041,train
Eocanthecona_Bug_A__00041IMG_00041_BURST20190912101022.jpg,00041,train
Eocanthecona_Bug_A__00041IMG_00041_BURST20190912101457.jpg,00041,train
Eocanthecona_Bug_A__00041IMG_00041_BURST20190912101631.jpg,00041,train
Eocanthecona_Bug_A__00041IMG_00041_BURST20190912101836.jpg,00041,train
Eocanthecona_Bug_A__00041IMG_00041_BURST20190913102845.jpg,00041,train
Eocanthecona_Bug_A__00041IMG_00041_BURST20190913103037.jpg,00041,train
Eocanthecona_Bug_A__00041IMG_00041_BURST20190913115038.jpg,00041,train
Eocanthecona_Bug_A__00042IMG_00042_BURST20190912100618.jpg,00042,train
Eocanthecona_Bug_A__00042IMG_00042_BURST20190912100717.jpg,00042,train
Eocanthecona_Bug_A__00042IMG_00042_BURST20190912100850.jpg,00042,train
Eocanthecona_Bug_A__00042IMG_00042_BURST20190912101457.jpg,00042,train
Eocanthecona_Bug_A__00042IMG_00042_BURST20190912101631.jpg,00042,train
Eocanthecona_Bug_A__00042IMG_00042_BURST20190912101836.jpg,00042,train
Eocanthecona_Bug_A__00042IMG_00042_BURST20190913102614.jpg,00042,train
Eocanthecona_Bug_A__00042IMG_00042_BURST20190913102845.jpg,00042,train
Eocanthecona_Bug_A__00042IMG_00042_BURST20190913103037.jpg,00042,train
Eocanthecona_Bug_A__00042IMG_00042_BURST20190913115038.jpg,00042,train
Eocanthecona_Bug_A__00043IMG_00043_BURST20190912100516.jpg,00043,train
Eocanthecona_Bug_A__00043IMG_00043_BURST20190912100618.jpg,00043,train
Eocanthecona_Bug_A__00043IMG_00043_BURST20190912100717.jpg,00043,train
Eocanthecona_Bug_A__00043IMG_00043_BURST20190912100850.jpg,00043,train
Eocanthecona_Bug_A__00043IMG_00043_BURST20190912101022.jpg,00043,train
Eocanthecona_Bug_A__00043IMG_00043_BURST20190912101457.jpg,00043,train
Eocanthecona_Bug_A__00043IMG_00043_BURST20190912101631.jpg,00043,train
Eocanthecona_Bug_A__00043IMG_00043_BURST20190913102614.jpg,00043,train
Eocanthecona_Bug_A__00043IMG_00043_BURST20190913102732.jpg,00043,train
Eocanthecona_Bug_A__00043IMG_00043_BURST20190913102845.jpg,00043,train
Eocanthecona_Bug_A__00043IMG_00043_BURST20190913103037.jpg,00043,train
Eocanthecona_Bug_A__00044IMG_00044_BURST20190912100516.jpg,00044,train
Eocanthecona_Bug_A__00044IMG_00044_BURST20190912100618.jpg,00044,train
Eocanthecona_Bug_A__00044IMG_00044_BURST20190912100850.jpg,00044,train
Eocanthecona_Bug_A__00044IMG_00044_BURST20190912101022.jpg,00044,train
Eocanthecona_Bug_A__00044IMG_00044_BURST20190912101457.jpg,00044,train
Eocanthecona_Bug_A__00044IMG_00044_BURST20190912101631.jpg,00044,train
Eocanthecona_Bug_A__00044IMG_00044_BURST20190912101836.jpg,00044,train
Eocanthecona_Bug_A__00044IMG_00044_BURST20190913102614.jpg,00044,train
Eocanthecona_Bug_A__00044IMG_00044_BURST20190913102732.jpg,00044,train
Eocanthecona_Bug_A__00044IMG_00044_BURST20190913103037.jpg,00044,train
Eocanthecona_Bug_A__00044IMG_00044_BURST20190913115038.jpg,00044,train
Eocanthecona_Bug_A__00045IMG_00045_BURST20190912100618.jpg,00045,train
Eocanthecona_Bug_A__00045IMG_00045_BURST20190912100717.jpg,00045,train
Eocanthecona_Bug_A__00045IMG_00045_BURST20190912100850.jpg,00045,train
Eocanthecona_Bug_A__00045IMG_00045_BURST20190912101022.jpg,00045,train
Eocanthecona_Bug_A__00045IMG_00045_BURST20190912101457.jpg,00045,train
Eocanthecona_Bug_A__00045IMG_00045_BURST20190912101631.jpg,00045,train
Eocanthecona_Bug_A__00045IMG_00045_BURST20190912101836.jpg,00045,train
Eocanthecona_Bug_A__00045IMG_00045_BURST20190913102614.jpg,00045,train
Eocanthecona_Bug_A__00045IMG_00045_BURST20190913102732.jpg,00045,train
Eocanthecona_Bug_A__00045IMG_00045_BURST20190913102845.jpg,00045,train
Eocanthecona_Bug_A__00045IMG_00045_BURST20190913103037.jpg,00045,train
Eocanthecona_Bug_A__00045IMG_00045_BURST20190913115038.jpg,00045,train
Eocanthecona_Bug_A__00046IMG_00046_BURST20190912100516.jpg,00046,train
Eocanthecona_Bug_A__00046IMG_00046_BURST20190912100618.jpg,00046,train
Eocanthecona_Bug_A__00046IMG_00046_BURST20190912100717.jpg,00046,train
Eocanthecona_Bug_A__00046IMG_00046_BURST20190912100850.jpg,00046,train
Eocanthecona_Bug_A__00046IMG_00046_BURST20190912101022.jpg,00046,train
Eocanthecona_Bug_A__00046IMG_00046_BURST20190912101836.jpg,00046,train
Eocanthecona_Bug_A__00046IMG_00046_BURST20190913102732.jpg,00046,train
Eocanthecona_Bug_A__00046IMG_00046_BURST20190913102845.jpg,00046,train
Eocanthecona_Bug_A__00046IMG_00046_BURST20190913103037.jpg,00046,train
Eocanthecona_Bug_A__00047IMG_00047_BURST20190912100618.jpg,00047,train
Eocanthecona_Bug_A__00047IMG_00047_BURST20190912100717.jpg,00047,train
Eocanthecona_Bug_A__00047IMG_00047_BURST20190912100850.jpg,00047,train
Eocanthecona_Bug_A__00047IMG_00047_BURST20190912101022.jpg,00047,train
Eocanthecona_Bug_A__00047IMG_00047_BURST20190912101457.jpg,00047,train
Eocanthecona_Bug_A__00047IMG_00047_BURST20190912101836.jpg,00047,train
Eocanthecona_Bug_A__00047IMG_00047_BURST20190913102614.jpg,00047,train
Eocanthecona_Bug_A__00047IMG_00047_BURST20190913102732.jpg,00047,train
Eocanthecona_Bug_A__00047IMG_00047_BURST20190913103037.jpg,00047,train
Eocanthecona_Bug_A__00047IMG_00047_BURST20190913115038.jpg,00047,train
Eocanthecona_Bug_A__00048IMG_00048_BURST20190912100850.jpg,00048,train
Eocanthecona_Bug_A__00048IMG_00048_BURST20190912101022.jpg,00048,train
Eocanthecona_Bug_A__00048IMG_00048_BURST20190912101457.jpg,00048,train
Eocanthecona_Bug_A__00048IMG_00048_BURST20190912101631.jpg,00048,train
Eocanthecona_Bug_A__00048IMG_00048_BURST20190912101836.jpg,00048,train
Eocanthecona_Bug_A__00048IMG_00048_BURST20190913102614.jpg,00048,train
Eocanthecona_Bug_A__00048IMG_00048_BURST20190913103037.jpg,00048,train
Eocanthecona_Bug_A__00049IMG_00049_BURST20190912100516.jpg,00049,train
Eocanthecona_Bug_A__00049IMG_00049_BURST20190912100618.jpg,00049,train
Eocanthecona_Bug_A__00049IMG_00049_BURST20190912100717.jpg,00049,train
Eocanthecona_Bug_A__00049IMG_00049_BURST20190912100850.jpg,00049,train
Eocanthecona_Bug_A__00049IMG_00049_BURST20190912101457.jpg,00049,train
Eocanthecona_Bug_A__00049IMG_00049_BURST20190913102614.jpg,00049,train
Eocanthecona_Bug_A__00049IMG_00049_BURST20190913103037.jpg,00049,train
Eocanthecona_Bug_A__00049IMG_00049_BURST20190913115038.jpg,00049,train
Eocanthecona_Bug_A__00050IMG_00050_BURST20190912100516.jpg,00050,train
Eocanthecona_Bug_A__00050IMG_00050_BURST20190912101022.jpg,00050,train
Eocanthecona_Bug_A__00050IMG_00050_BURST20190912101631.jpg,00050,train
Eocanthecona_Bug_A__00050IMG_00050_BURST20190912101836.jpg,00050,train
Eocanthecona_Bug_A__00050IMG_00050_BURST20190913102614.jpg,00050,train
Eocanthecona_Bug_A__00050IMG_00050_BURST20190913102732.jpg,00050,train
Eocanthecona_Bug_A__00050IMG_00050_BURST20190913102845.jpg,00050,train
Eocanthecona_Bug_A__00050IMG_00050_BURST20190913115038.jpg,00050,train
Eocanthecona_Bug_A__00051IMG_00051_BURST20190912100516.jpg,00051,train
Eocanthecona_Bug_A__00051IMG_00051_BURST20190912100618.jpg,00051,train
Eocanthecona_Bug_A__00051IMG_00051_BURST20190912101022.jpg,00051,train
Eocanthecona_Bug_A__00051IMG_00051_BURST20190912101457.jpg,00051,train
Eocanthecona_Bug_A__00051IMG_00051_BURST20190913102614.jpg,00051,train
Eocanthecona_Bug_A__00051IMG_00051_BURST20190913102732.jpg,00051,train
Eocanthecona_Bug_A__00051IMG_00051_BURST20190913102845.jpg,00051,train
Eocanthecona_Bug_A__00051IMG_00051_BURST20190913115038.jpg,00051,train
Eocanthecona_Bug_A__00052IMG_00052_BURST20190912100618.jpg,00052,train
Eocanthecona_Bug_A__00052IMG_00052_BURST20190912100717.jpg,00052,train
Eocanthecona_Bug_A__00052IMG_00052_BURST20190912101022.jpg,00052,train
Eocanthecona_Bug_A__00052IMG_00052_BURST20190912101631.jpg,00052,train
Eocanthecona_Bug_A__00052IMG_00052_BURST20190912101836.jpg,00052,train
Eocanthecona_Bug_A__00052IMG_00052_BURST20190913102614.jpg,00052,train
Eocanthecona_Bug_A__00052IMG_00052_BURST20190913102732.jpg,00052,train
Eocanthecona_Bug_A__00052IMG_00052_BURST20190913102845.jpg,00052,train
Eocanthecona_Bug_A__00052IMG_00052_BURST20190913115038.jpg,00052,train
Eocanthecona_Bug_A__00053IMG_00053_BURST20190912100516.jpg,00053,train
Eocanthecona_Bug_A__00053IMG_00053_BURST20190912100618.jpg,00053,train
Eocanthecona_Bug_A__00053IMG_00053_BURST20190912100717.jpg,00053,train
Eocanthecona_Bug_A__00053IMG_00053_BURST20190912100850.jpg,00053,train
Eocanthecona_Bug_A__00053IMG_00053_BURST20190912101022.jpg,00053,train
Eocanthecona_Bug_A__00053IMG_00053_BURST20190912101457.jpg,00053,train
Eocanthecona_Bug_A__00053IMG_00053_BURST20190912101836.jpg,00053,train
Eocanthecona_Bug_A__00053IMG_00053_BURST20190913102614.jpg,00053,train
Eocanthecona_Bug_A__00053IMG_00053_BURST20190913102732.jpg,00053,train
Eocanthecona_Bug_A__00053IMG_00053_BURST20190913102845.jpg,00053,train
Eocanthecona_Bug_A__00053IMG_00053_BURST20190913115038.jpg,00053,train
Eocanthecona_Bug_A__00054IMG_00054_BURST20190912100516.jpg,00054,train
Eocanthecona_Bug_A__00054IMG_00054_BURST20190912100618.jpg,00054,train
Eocanthecona_Bug_A__00054IMG_00054_BURST20190912100717.jpg,00054,train
Eocanthecona_Bug_A__00054IMG_00054_BURST20190912100850.jpg,00054,train
Eocanthecona_Bug_A__00054IMG_00054_BURST20190912101022.jpg,00054,train
Eocanthecona_Bug_A__00054IMG_00054_BURST20190912101457.jpg,00054,train
Eocanthecona_Bug_A__00054IMG_00054_BURST20190912101631.jpg,00054,train
Eocanthecona_Bug_A__00054IMG_00054_BURST20190912101836.jpg,00054,train
Eocanthecona_Bug_A__00054IMG_00054_BURST20190913102614.jpg,00054,train
Eocanthecona_Bug_A__00054IMG_00054_BURST20190913103037.jpg,00054,train
Eocanthecona_Bug_A__00054IMG_00054_BURST20190913115038.jpg,00054,train
Eocanthecona_Bug_A__00055IMG_00055_BURST20190912100516.jpg,00055,train
Eocanthecona_Bug_A__00055IMG_00055_BURST20190912100618.jpg,00055,train
Eocanthecona_Bug_A__00055IMG_00055_BURST20190912100850.jpg,00055,train
Eocanthecona_Bug_A__00055IMG_00055_BURST20190912101022.jpg,00055,train
Eocanthecona_Bug_A__00055IMG_00055_BURST20190912101836.jpg,00055,train
Eocanthecona_Bug_A__00055IMG_00055_BURST20190913102614.jpg,00055,train
Eocanthecona_Bug_A__00055IMG_00055_BURST20190913102732.jpg,00055,train
Eocanthecona_Bug_A__00055IMG_00055_BURST20190913103037.jpg,00055,train
Eocanthecona_Bug_A__00055IMG_00055_BURST20190913115038.jpg,00055,train
Eocanthecona_Bug_A__00056IMG_00056_BURST20190912100516.jpg,00056,train
Eocanthecona_Bug_A__00056IMG_00056_BURST20190912100618.jpg,00056,train
Eocanthecona_Bug_A__00056IMG_00056_BURST20190912100717.jpg,00056,train
Eocanthecona_Bug_A__00056IMG_00056_BURST20190912101022.jpg,00056,train
Eocanthecona_Bug_A__00056IMG_00056_BURST20190912101457.jpg,00056,train
Eocanthecona_Bug_A__00056IMG_00056_BURST20190912101836.jpg,00056,train
Eocanthecona_Bug_A__00056IMG_00056_BURST20190913102614.jpg,00056,train
Eocanthecona_Bug_A__00056IMG_00056_BURST20190913102732.jpg,00056,train
Eocanthecona_Bug_A__00056IMG_00056_BURST20190913102845.jpg,00056,train
Eocanthecona_Bug_A__00056IMG_00056_BURST20190913103037.jpg,00056,train
Eocanthecona_Bug_A__00056IMG_00056_BURST20190913115038.jpg,00056,train
Eocanthecona_Bug_A__00057IMG_00057_BURST20190912100516.jpg,00057,train
Eocanthecona_Bug_A__00057IMG_00057_BURST20190912100618.jpg,00057,train
Eocanthecona_Bug_A__00057IMG_00057_BURST20190912101022.jpg,00057,train
Eocanthecona_Bug_A__00057IMG_00057_BURST20190912101457.jpg,00057,train
Eocanthecona_Bug_A__00057IMG_00057_BURST20190912101631.jpg,00057,train
Eocanthecona_Bug_A__00057IMG_00057_BURST20190912101836.jpg,00057,train
Eocanthecona_Bug_A__00057IMG_00057_BURST20190913102614.jpg,00057,train
Eocanthecona_Bug_A__00057IMG_00057_BURST20190913102732.jpg,00057,train
Eocanthecona_Bug_A__00057IMG_00057_BURST20190913103037.jpg,00057,train
Eocanthecona_Bug_A__00057IMG_00057_BURST20190913115038.jpg,00057,train
Eocanthecona_Bug_A__00058IMG_00058_BURST20190912100516.jpg,00058,train
Eocanthecona_Bug_A__00058IMG_00058_BURST20190912100717.jpg,00058,train
Eocanthecona_Bug_A__00058IMG_00058_BURST20190912100850.jpg,00058,train
Eocanthecona_Bug_A__00058IMG_00058_BURST20190912101457.jpg,00058,train
Eocanthecona_Bug_A__00058IMG_00058_BURST20190912101631.jpg,00058,train
Eocanthecona_Bug_A__00058IMG_00058_BURST20190913102614.jpg,00058,train
Eocanthecona_Bug_A__00058IMG_00058_BURST20190913102732.jpg,00058,train
Eocanthecona_Bug_A__00058IMG_00058_BURST20190913102845.jpg,00058,train
Eocanthecona_Bug_A__00058IMG_00058_BURST20190913103037.jpg,00058,train
Eocanthecona_Bug_A__00058IMG_00058_BURST20190913115038.jpg,00058,train
Eocanthecona_Bug_A__00059IMG_00059_BURST20190912100516.jpg,00059,train
Eocanthecona_Bug_A__00059IMG_00059_BURST20190912100618.jpg,00059,train
Eocanthecona_Bug_A__00059IMG_00059_BURST20190912100717.jpg,00059,train
Eocanthecona_Bug_A__00059IMG_00059_BURST20190912100850.jpg,00059,train
Eocanthecona_Bug_A__00059IMG_00059_BURST20190912101022.jpg,00059,train
Eocanthecona_Bug_A__00059IMG_00059_BURST20190912101457.jpg,00059,train
Eocanthecona_Bug_A__00059IMG_00059_BURST20190912101631.jpg,00059,train
Eocanthecona_Bug_A__00059IMG_00059_BURST20190912101836.jpg,00059,train
Eocanthecona_Bug_A__00059IMG_00059_BURST20190913102614.jpg,00059,train
Eocanthecona_Bug_A__00059IMG_00059_BURST20190913102732.jpg,00059,train
Eocanthecona_Bug_A__00060IMG_00060_BURST20190912100516.jpg,00060,train
Eocanthecona_Bug_A__00060IMG_00060_BURST20190912100618.jpg,00060,train
Eocanthecona_Bug_A__00060IMG_00060_BURST20190912100850.jpg,00060,train
Eocanthecona_Bug_A__00060IMG_00060_BURST20190912101631.jpg,00060,train
Eocanthecona_Bug_A__00060IMG_00060_BURST20190913102732.jpg,00060,train
Eocanthecona_Bug_A__00060IMG_00060_BURST20190913102845.jpg,00060,train
Eocanthecona_Bug_A__00060IMG_00060_BURST20190913115038.jpg,00060,train
Eocanthecona_Bug_A__00061IMG_00061_BURST20190912100516.jpg,00061,train
Eocanthecona_Bug_A__00061IMG_00061_BURST20190912100618.jpg,00061,train
Eocanthecona_Bug_A__00061IMG_00061_BURST20190912101022.jpg,00061,train
Eocanthecona_Bug_A__00061IMG_00061_BURST20190912101457.jpg,00061,train
Eocanthecona_Bug_A__00061IMG_00061_BURST20190912101631.jpg,00061,train
Eocanthecona_Bug_A__00061IMG_00061_BURST20190912101836.jpg,00061,train
Eocanthecona_Bug_A__00061IMG_00061_BURST20190913102614.jpg,00061,train
Eocanthecona_Bug_A__00061IMG_00061_BURST20190913102732.jpg,00061,train
Eocanthecona_Bug_A__00061IMG_00061_BURST20190913102845.jpg,00061,train
Eocanthecona_Bug_A__00061IMG_00061_BURST20190913103037.jpg,00061,train
Eocanthecona_Bug_A__00061IMG_00061_BURST20190913115038.jpg,00061,train
Eocanthecona_Bug_A__00062IMG_00062_BURST20190912100516.jpg,00062,train
Eocanthecona_Bug_A__00062IMG_00062_BURST20190912100717.jpg,00062,train
Eocanthecona_Bug_A__00062IMG_00062_BURST20190912100850.jpg,00062,train
Eocanthecona_Bug_A__00062IMG_00062_BURST20190912101457.jpg,00062,train
Eocanthecona_Bug_A__00062IMG_00062_BURST20190912101836.jpg,00062,train
Eocanthecona_Bug_A__00062IMG_00062_BURST20190913115038.jpg,00062,train
Eocanthecona_Bug_A__00063IMG_00063_BURST20190912100516.jpg,00063,train
Eocanthecona_Bug_A__00063IMG_00063_BURST20190912100618.jpg,00063,train
Eocanthecona_Bug_A__00063IMG_00063_BURST20190912100717.jpg,00063,train
Eocanthecona_Bug_A__00063IMG_00063_BURST20190912100850.jpg,00063,train
Eocanthecona_Bug_A__00063IMG_00063_BURST20190912101457.jpg,00063,train
Eocanthecona_Bug_A__00063IMG_00063_BURST20190912101631.jpg,00063,train
Eocanthecona_Bug_A__00063IMG_00063_BURST20190912101836.jpg,00063,train
Eocanthecona_Bug_A__00063IMG_00063_BURST20190913102614.jpg,00063,train
Eocanthecona_Bug_A__00063IMG_00063_BURST20190913102732.jpg,00063,train
Eocanthecona_Bug_A__00063IMG_00063_BURST20190913102845.jpg,00063,train
Eocanthecona_Bug_A__00063IMG_00063_BURST20190913103037.jpg,00063,train
Eocanthecona_Bug_A__00063IMG_00063_BURST20190913115038.jpg,00063,train
Eocanthecona_Bug_A__00064IMG_00064_BURST20190912100516.jpg,00064,train
Eocanthecona_Bug_A__00064IMG_00064_BURST20190912100717.jpg,00064,train
Eocanthecona_Bug_A__00064IMG_00064_BURST20190912100850.jpg,00064,train
Eocanthecona_Bug_A__00064IMG_00064_BURST20190912101457.jpg,00064,train
Eocanthecona_Bug_A__00064IMG_00064_BURST20190912101631.jpg,00064,train
Eocanthecona_Bug_A__00064IMG_00064_BURST20190912101836.jpg,00064,train
Eocanthecona_Bug_A__00064IMG_00064_BURST20190913102614.jpg,00064,train
Eocanthecona_Bug_A__00064IMG_00064_BURST20190913102732.jpg,00064,train
Eocanthecona_Bug_A__00064IMG_00064_BURST20190913102845.jpg,00064,train
Eocanthecona_Bug_A__00064IMG_00064_BURST20190913103037.jpg,00064,train
Eocanthecona_Bug_A__00064IMG_00064_BURST20190913115038.jpg,00064,train
Eocanthecona_Bug_A__00065IMG_00065_BURST20190912100516.jpg,00065,train
Eocanthecona_Bug_A__00065IMG_00065_BURST20190912100618.jpg,00065,train
Eocanthecona_Bug_A__00065IMG_00065_BURST20190912100850.jpg,00065,train
Eocanthecona_Bug_A__00065IMG_00065_BURST20190912101022.jpg,00065,train
Eocanthecona_Bug_A__00065IMG_00065_BURST20190912101457.jpg,00065,train
Eocanthecona_Bug_A__00065IMG_00065_BURST20190912101836.jpg,00065,train
Eocanthecona_Bug_A__00065IMG_00065_BURST20190913102614.jpg,00065,train
Eocanthecona_Bug_A__00065IMG_00065_BURST20190913102732.jpg,00065,train
Eocanthecona_Bug_A__00065IMG_00065_BURST20190913102845.jpg,00065,train
Eocanthecona_Bug_A__00065IMG_00065_BURST20190913103037.jpg,00065,train
Eocanthecona_Bug_A__00065IMG_00065_BURST20190913115038.jpg,00065,train
Eocanthecona_Bug_A__00066IMG_00066_BURST20190912100618.jpg,00066,train
Eocanthecona_Bug_A__00066IMG_00066_BURST20190912100850.jpg,00066,train
Eocanthecona_Bug_A__00066IMG_00066_BURST20190912101457.jpg,00066,train
Eocanthecona_Bug_A__00066IMG_00066_BURST20190912101836.jpg,00066,train
Eocanthecona_Bug_A__00066IMG_00066_BURST20190913103037.jpg,00066,train
Eocanthecona_Bug_A__00067IMG_00067_BURST20190912100618.jpg,00067,train
Eocanthecona_Bug_A__00067IMG_00067_BURST20190912100717.jpg,00067,train
Eocanthecona_Bug_A__00067IMG_00067_BURST20190912101022.jpg,00067,train
Eocanthecona_Bug_A__00067IMG_00067_BURST20190913102614.jpg,00067,train
Eocanthecona_Bug_A__00067IMG_00067_BURST20190913102732.jpg,00067,train
Eocanthecona_Bug_A__00067IMG_00067_BURST20190913102845.jpg,00067,train
Eocanthecona_Bug_A__00067IMG_00067_BURST20190913115038.jpg,00067,train
Eocanthecona_Bug_A__00068IMG_00068_BURST20190912100618.jpg,00068,train
Eocanthecona_Bug_A__00068IMG_00068_BURST20190912100717.jpg,00068,train
Eocanthecona_Bug_A__00068IMG_00068_BURST20190912100850.jpg,00068,train
Eocanthecona_Bug_A__00068IMG_00068_BURST20190912101457.jpg,00068,train
Eocanthecona_Bug_A__00068IMG_00068_BURST20190912101631.jpg,00068,train
Eocanthecona_Bug_A__00068IMG_00068_BURST20190912101836.jpg,00068,train
Eocanthecona_Bug_A__00068IMG_00068_BURST20190913102614.jpg,00068,train
Eocanthecona_Bug_A__00068IMG_00068_BURST20190913103037.jpg,00068,train
Eocanthecona_Bug_A__00068IMG_00068_BURST20190913115038.jpg,00068,train
Eocanthecona_Bug_A__00069IMG_00069_BURST20190912100850.jpg,00069,train
Eocanthecona_Bug_A__00069IMG_00069_BURST20190912101631.jpg,00069,train
Eocanthecona_Bug_A__00069IMG_00069_BURST20190912101836.jpg,00069,train
Eocanthecona_Bug_A__00069IMG_00069_BURST20190913102845.jpg,00069,train
Eocanthecona_Bug_A__00069IMG_00069_BURST20190913103037.jpg,00069,train
Eocanthecona_Bug_A__00069IMG_00069_BURST20190913115038.jpg,00069,train
Eocanthecona_Bug_A__00070IMG_00070_BURST20190912100717.jpg,00070,train
Eocanthecona_Bug_A__00070IMG_00070_BURST20190912100850.jpg,00070,train
Eocanthecona_Bug_A__00070IMG_00070_BURST20190912101022.jpg,00070,train
Eocanthecona_Bug_A__00070IMG_00070_BURST20190912101631.jpg,00070,train
Eocanthecona_Bug_A__00070IMG_00070_BURST20190913102732.jpg,00070,train
Eocanthecona_Bug_A__00070IMG_00070_BURST20190913102845.jpg,00070,train
Eocanthecona_Bug_A__00070IMG_00070_BURST20190913103037.jpg,00070,train
Eocanthecona_Bug_A__00071IMG_00071_BURST20190912100618.jpg,00071,train
Eocanthecona_Bug_A__00071IMG_00071_BURST20190912100850.jpg,00071,train
Eocanthecona_Bug_A__00071IMG_00071_BURST20190912101022.jpg,00071,train
Eocanthecona_Bug_A__00071IMG_00071_BURST20190912101457.jpg,00071,train
Eocanthecona_Bug_A__00071IMG_00071_BURST20190912101836.jpg,00071,train
Eocanthecona_Bug_A__00071IMG_00071_BURST20190913102614.jpg,00071,train
Eocanthecona_Bug_A__00071IMG_00071_BURST20190913102732.jpg,00071,train
Eocanthecona_Bug_A__00071IMG_00071_BURST20190913102845.jpg,00071,train
Eocanthecona_Bug_A__00071IMG_00071_BURST20190913103037.jpg,00071,train
Eocanthecona_Bug_A__00071IMG_00071_BURST20190913115038.jpg,00071,train
Eocanthecona_Bug_A__00072IMG_00072_BURST20190912101022.jpg,00072,train
Eocanthecona_Bug_A__00072IMG_00072_BURST20190912101457.jpg,00072,train
Eocanthecona_Bug_A__00072IMG_00072_BURST20190912101631.jpg,00072,train
Eocanthecona_Bug_A__00072IMG_00072_BURST20190913102732.jpg,00072,train
Eocanthecona_Bug_A__00072IMG_00072_BURST20190913102845.jpg,00072,train
Eocanthecona_Bug_A__00072IMG_00072_BURST20190913103037.jpg,00072,train
Eocanthecona_Bug_A__00073IMG_00073_BURST20190912100618.jpg,00073,train
Eocanthecona_Bug_A__00073IMG_00073_BURST20190912100850.jpg,00073,train
Eocanthecona_Bug_A__00073IMG_00073_BURST20190912101022.jpg,00073,train
Eocanthecona_Bug_A__00073IMG_00073_BURST20190912101836.jpg,00073,train
Eocanthecona_Bug_A__00073IMG_00073_BURST20190913102614.jpg,00073,train
Eocanthecona_Bug_A__00073IMG_00073_BURST20190913102732.jpg,00073,train
Eocanthecona_Bug_A__00073IMG_00073_BURST20190913115038.jpg,00073,train
Eocanthecona_Bug_A__00074IMG_00074_BURST20190912100618.jpg,00074,train
Eocanthecona_Bug_A__00074IMG_00074_BURST20190912100850.jpg,00074,train
Eocanthecona_Bug_A__00074IMG_00074_BURST20190912101022.jpg,00074,train
Eocanthecona_Bug_A__00074IMG_00074_BURST20190912101457.jpg,00074,train
Eocanthecona_Bug_A__00074IMG_00074_BURST20190913102614.jpg,00074,train
Eocanthecona_Bug_A__00074IMG_00074_BURST20190913103037.jpg,00074,train
Eocanthecona_Bug_A__00074IMG_00074_BURST20190913115038.jpg,00074,train
Eocanthecona_Bug_A__00075IMG_00075_BURST20190912100618.jpg,00075,train
Eocanthecona_Bug_A__00075IMG_00075_BURST20190912100717.jpg,00075,train
Eocanthecona_Bug_A__00075IMG_00075_BURST20190912101457.jpg,00075,train
Eocanthecona_Bug_A__00075IMG_00075_BURST20190912101631.jpg,00075,train
Eocanthecona_Bug_A__00075IMG_00075_BURST20190912101836.jpg,00075,train
Eocanthecona_Bug_A__00075IMG_00075_BURST20190913102614.jpg,00075,train
Eocanthecona_Bug_A__00075IMG_00075_BURST20190913102845.jpg,00075,train
Eocanthecona_Bug_A__00075IMG_00075_BURST20190913103037.jpg,00075,train
Eocanthecona_Bug_A__00076IMG_00076_BURST20190912100618.jpg,00076,train
Eocanthecona_Bug_A__00076IMG_00076_BURST20190912101022.jpg,00076,train
Eocanthecona_Bug_A__00076IMG_00076_BURST20190912101631.jpg,00076,train
Eocanthecona_Bug_A__00076IMG_00076_BURST20190913102614.jpg,00076,train
Eocanthecona_Bug_A__00076IMG_00076_BURST20190913102845.jpg,00076,train
Eocanthecona_Bug_A__00076IMG_00076_BURST20190913115038.jpg,00076,train
Eocanthecona_Bug_A__00077IMG_00077_BURST20190912100618.jpg,00077,train
Eocanthecona_Bug_A__00077IMG_00077_BURST20190912100717.jpg,00077,train
Eocanthecona_Bug_A__00077IMG_00077_BURST20190912100850.jpg,00077,train
Eocanthecona_Bug_A__00077IMG_00077_BURST20190912101022.jpg,00077,train
Eocanthecona_Bug_A__00077IMG_00077_BURST20190913102614.jpg,00077,train
Eocanthecona_Bug_A__00077IMG_00077_BURST20190913115038.jpg,00077,train
Eocanthecona_Bug_A__00078IMG_00078_BURST20190912100850.jpg,00078,train
Eocanthecona_Bug_A__00078IMG_00078_BURST20190912101457.jpg,00078,train
Eocanthecona_Bug_A__00078IMG_00078_BURST20190912101631.jpg,00078,train
Eocanthecona_Bug_A__00078IMG_00078_BURST20190913102614.jpg,00078,train
Eocanthecona_Bug_A__00078IMG_00078_BURST20190913102845.jpg,00078,train
Eocanthecona_Bug_A__00078IMG_00078_BURST20190913115038.jpg,00078,train
Eocanthecona_Bug_A__00079IMG_00079_BURST20190912100850.jpg,00079,train
Eocanthecona_Bug_A__00079IMG_00079_BURST20190912101631.jpg,00079,train
Eocanthecona_Bug_A__00079IMG_00079_BURST20190913102614.jpg,00079,train
Eocanthecona_Bug_A__00079IMG_00079_BURST20190913102845.jpg,00079,train
Eocanthecona_Bug_A__00080IMG_00080_BURST20190912100850.jpg,00080,train
Eocanthecona_Bug_A__00080IMG_00080_BURST20190912101457.jpg,00080,train
Eocanthecona_Bug_A__00080IMG_00080_BURST20190912101631.jpg,00080,train
Eocanthecona_Bug_A__00080IMG_00080_BURST20190913102732.jpg,00080,train
Eocanthecona_Bug_A__00080IMG_00080_BURST20190913102845.jpg,00080,train
Eocanthecona_Bug_A__00080IMG_00080_BURST20190913103037.jpg,00080,train
Eocanthecona_Bug_A__00081IMG_00081_BURST20190912101022.jpg,00081,train
Eocanthecona_Bug_A__00081IMG_00081_BURST20190912101457.jpg,00081,train
Eocanthecona_Bug_A__00081IMG_00081_BURST20190912101631.jpg,00081,train
Eocanthecona_Bug_A__00081IMG_00081_BURST20190913102614.jpg,00081,train
Eocanthecona_Bug_A__00081IMG_00081_BURST20190913102732.jpg,00081,train
Eocanthecona_Bug_A__00081IMG_00081_BURST20190913102845.jpg,00081,train
Eocanthecona_Bug_A__00081IMG_00081_BURST20190913103037.jpg,00081,train
Eocanthecona_Bug_A__00081IMG_00081_BURST20190913115038.jpg,00081,train
Eocanthecona_Bug_A__00082IMG_00082_BURST20190912101022.jpg,00082,train
Eocanthecona_Bug_A__00082IMG_00082_BURST20190912101457.jpg,00082,train
Eocanthecona_Bug_A__00082IMG_00082_BURST20190912101631.jpg,00082,train
Eocanthecona_Bug_A__00082IMG_00082_BURST20190913102614.jpg,00082,train
Eocanthecona_Bug_A__00082IMG_00082_BURST20190913102732.jpg,00082,train
Eocanthecona_Bug_A__00082IMG_00082_BURST20190913103037.jpg,00082,train
Eocanthecona_Bug_A__00082IMG_00082_BURST20190913115038.jpg,00082,train
Eocanthecona_Bug_A__00083IMG_00083_BURST20190912100850.jpg,00083,train
Eocanthecona_Bug_A__00083IMG_00083_BURST20190912101022.jpg,00083,train
Eocanthecona_Bug_A__00083IMG_00083_BURST20190912101457.jpg,00083,train
Eocanthecona_Bug_A__00083IMG_00083_BURST20190912101631.jpg,00083,train
Eocanthecona_Bug_A__00083IMG_00083_BURST20190913102614.jpg,00083,train
Eocanthecona_Bug_A__00083IMG_00083_BURST20190913102732.jpg,00083,train
Eocanthecona_Bug_A__00083IMG_00083_BURST20190913103037.jpg,00083,train
Eocanthecona_Bug_A__00083IMG_00083_BURST20190913115038.jpg,00083,train
Eocanthecona_Bug_A__00084IMG_00084_BURST20190912101022.jpg,00084,train
Eocanthecona_Bug_A__00084IMG_00084_BURST20190912101457.jpg,00084,train
Eocanthecona_Bug_A__00084IMG_00084_BURST20190912101631.jpg,00084,train
Eocanthecona_Bug_A__00084IMG_00084_BURST20190913102732.jpg,00084,train
Eocanthecona_Bug_A__00084IMG_00084_BURST20190913102845.jpg,00084,train
Eocanthecona_Bug_A__00085IMG_00085_BURST20190912100850.jpg,00085,train
Eocanthecona_Bug_A__00085IMG_00085_BURST20190912101022.jpg,00085,train
Eocanthecona_Bug_A__00085IMG_00085_BURST20190912101631.jpg,00085,train
Eocanthecona_Bug_A__00085IMG_00085_BURST20190913102614.jpg,00085,train
Eocanthecona_Bug_A__00085IMG_00085_BURST20190913102732.jpg,00085,train
Eocanthecona_Bug_A__00085IMG_00085_BURST20190913103037.jpg,00085,train
Eocanthecona_Bug_A__00086IMG_00086_BURST20190912100850.jpg,00086,train
Eocanthecona_Bug_A__00086IMG_00086_BURST20190912101022.jpg,00086,train
Eocanthecona_Bug_A__00086IMG_00086_BURST20190912101631.jpg,00086,train
Eocanthecona_Bug_A__00087IMG_00087_BURST20190912101022.jpg,00087,train
Eocanthecona_Bug_A__00087IMG_00087_BURST20190912101457.jpg,00087,train
Eocanthecona_Bug_A__00087IMG_00087_BURST20190913102614.jpg,00087,train
Eocanthecona_Bug_A__00087IMG_00087_BURST20190913103037.jpg,00087,train
Eocanthecona_Bug_A__00087IMG_00087_BURST20190913115038.jpg,00087,train
Eocanthecona_Bug_A__00088IMG_00088_BURST20190912101457.jpg,00088,train
Eocanthecona_Bug_A__00088IMG_00088_BURST20190912101631.jpg,00088,train
Eocanthecona_Bug_A__00088IMG_00088_BURST20190913102732.jpg,00088,train
Eocanthecona_Bug_A__00088IMG_00088_BURST20190913102845.jpg,00088,train
Eocanthecona_Bug_A__00088IMG_00088_BURST20190913103037.jpg,00088,train
Eocanthecona_Bug_A__00089IMG_00089_BURST20190912100850.jpg,00089,train
Eocanthecona_Bug_A__00089IMG_00089_BURST20190913102614.jpg,00089,train
Eocanthecona_Bug_A__00089IMG_00089_BURST20190913102732.jpg,00089,train
Eocanthecona_Bug_A__00089IMG_00089_BURST20190913103037.jpg,00089,train
Eocanthecona_Bug_A__00089IMG_00089_BURST20190913115038.jpg,00089,train
Eocanthecona_Bug_A__00090IMG_00090_BURST20190912101457.jpg,00090,train
Eocanthecona_Bug_A__00090IMG_00090_BURST20190912101631.jpg,00090,train
Eocanthecona_Bug_A__00090IMG_00090_BURST20190913102732.jpg,00090,train
Eocanthecona_Bug_A__00090IMG_00090_BURST20190913103037.jpg,00090,train
Eocanthecona_Bug_A__00090IMG_00090_BURST20190913115038.jpg,00090,train
Eocanthecona_Bug_A__00091IMG_00091_BURST20190912100850.jpg,00091,train
Eocanthecona_Bug_A__00091IMG_00091_BURST20190912101457.jpg,00091,train
Eocanthecona_Bug_A__00091IMG_00091_BURST20190912101631.jpg,00091,train
Eocanthecona_Bug_A__00091IMG_00091_BURST20190913102845.jpg,00091,train
Eocanthecona_Bug_A__00091IMG_00091_BURST20190913115038.jpg,00091,train
Eocanthecona_Bug_A__00092IMG_00092_BURST20190912100850.jpg,00092,train
Eocanthecona_Bug_A__00092IMG_00092_BURST20190912101457.jpg,00092,train
Eocanthecona_Bug_A__00092IMG_00092_BURST20190912101631.jpg,00092,train
Eocanthecona_Bug_A__00092IMG_00092_BURST20190913103037.jpg,00092,train
Eocanthecona_Bug_A__00093IMG_00093_BURST20190912100850.jpg,00093,train
Eocanthecona_Bug_A__00093IMG_00093_BURST20190912101457.jpg,00093,train
Eocanthecona_Bug_A__00094IMG_00094_BURST20190912100850.jpg,00094,train
Eocanthecona_Bug_A__00094IMG_00094_BURST20190912101631.jpg,00094,train
Eocanthecona_Bug_A__00094IMG_00094_BURST20190913102614.jpg,00094,train
Eocanthecona_Bug_A__00094IMG_00094_BURST20190913102732.jpg,00094,train
Eocanthecona_Bug_A__00094IMG_00094_BURST20190913102845.jpg,00094,train
Eocanthecona_Bug_A__00094IMG_00094_BURST20190913103037.jpg,00094,train
Eocanthecona_Bug_A__00094IMG_00094_BURST20190913115038.jpg,00094,train
Eocanthecona_Bug_A__00095IMG_00095_BURST20190912100850.jpg,00095,train
Eocanthecona_Bug_A__00095IMG_00095_BURST20190912101457.jpg,00095,train
Eocanthecona_Bug_A__00095IMG_00095_BURST20190913102614.jpg,00095,train
Eocanthecona_Bug_A__00095IMG_00095_BURST20190913102732.jpg,00095,train
Eocanthecona_Bug_A__00095IMG_00095_BURST20190913102845.jpg,00095,train
Eocanthecona_Bug_A__00096IMG_00096_BURST20190912100850.jpg,00096,train
Eocanthecona_Bug_A__00096IMG_00096_BURST20190912101457.jpg,00096,train
Eocanthecona_Bug_A__00096IMG_00096_BURST20190913102614.jpg,00096,train
Eocanthecona_Bug_A__00096IMG_00096_BURST20190913102845.jpg,00096,train
Eocanthecona_Bug_A__00096IMG_00096_BURST20190913103037.jpg,00096,train
Eocanthecona_Bug_A__00097IMG_00097_BURST20190912101457.jpg,00097,train
Eocanthecona_Bug_A__00097IMG_00097_BURST20190913102614.jpg,00097,train
Eocanthecona_Bug_A__00097IMG_00097_BURST20190913102732.jpg,00097,train
Eocanthecona_Bug_A__00097IMG_00097_BURST20190913102845.jpg,00097,train
Eocanthecona_Bug_A__00097IMG_00097_BURST20190913103037.jpg,00097,train
Eocanthecona_Bug_A__00098IMG_00098_BURST20190912100850.jpg,00098,train
Eocanthecona_Bug_A__00098IMG_00098_BURST20190912101457.jpg,00098,train
Eocanthecona_Bug_A__00098IMG_00098_BURST20190912101631.jpg,00098,train
Eocanthecona_Bug_A__00098IMG_00098_BURST20190913102614.jpg,00098,train
Eocanthecona_Bug_A__00098IMG_00098_BURST20190913102845.jpg,00098,train
Eocanthecona_Bug_A__00098IMG_00098_BURST20190913115038.jpg,00098,train
Eocanthecona_Bug_A__00099IMG_00099_BURST20190912100850.jpg,00099,train
Eocanthecona_Bug_A__00099IMG_00099_BURST20190912101631.jpg,00099,train
Eocanthecona_Bug_A__00099IMG_00099_BURST20190913102614.jpg,00099,train
Eocanthecona_Bug_A__00099IMG_00099_BURST20190913102732.jpg,00099,train
Eocanthecona_Bug_A__00099IMG_00099_BURST20190913102845.jpg,00099,train
Eocanthecona_Bug_A__00099IMG_00099_BURST20190913103037.jpg,00099,train
Eocanthecona_Bug_A__00099IMG_00099_BURST20190913115038.jpg,00099,train
Larva_Spodoptera_D__00001IMG_00001_BURST20191001101323.jpg,00001,train
Larva_Spodoptera_D__00001IMG_00001_BURST20191001101549.jpg,00001,train
Larva_Spodoptera_D__00001IMG_00001_BURST20191001102055.jpg,00001,train
Larva_Spodoptera_D__00001IMG_00001_BURST20191001102457.jpg,00001,train
Larva_Spodoptera_D__00001IMG_00001_BURST20191001102630.jpg,00001,train
Larva_Spodoptera_D__00001IMG_00001_BURST20191001102824.jpg,00001,train
Larva_Spodoptera_D__00002IMG_00002_BURST20191001101323.jpg,00002,train
Larva_Spodoptera_D__00002IMG_00002_BURST20191001102055.jpg,00002,train
Larva_Spodoptera_D__00002IMG_00002_BURST20191001102238.jpg,00002,train
Larva_Spodoptera_D__00002IMG_00002_BURST20191001102630.jpg,00002,train
Larva_Spodoptera_D__00002IMG_00002_BURST20191001102824.jpg,00002,train
Larva_Spodoptera_D__00003IMG_00003_BURST20191001101149.jpg,00003,train
Larva_Spodoptera_D__00003IMG_00003_BURST20191001101323.jpg,00003,train
Larva_Spodoptera_D__00003IMG_00003_BURST20191001101549.jpg,00003,train
Larva_Spodoptera_D__00003IMG_00003_BURST20191001102238.jpg,00003,train
Larva_Spodoptera_D__00003IMG_00003_BURST20191001102630.jpg,00003,train
Larva_Spodoptera_D__00004IMG_00004_BURST20191001101019.jpg,00004,train
Larva_Spodoptera_D__00004IMG_00004_BURST20191001101323.jpg,00004,train
Larva_Spodoptera_D__00004IMG_00004_BURST20191001101549.jpg,00004,train
Larva_Spodoptera_D__00004IMG_00004_BURST20191001102055.jpg,00004,train
Larva_Spodoptera_D__00004IMG_00004_BURST20191001102238.jpg,00004,train
Larva_Spodoptera_D__00004IMG_00004_BURST20191001102824.jpg,00004,train
Larva_Spodoptera_D__00005IMG_00005_BURST20191001101149.jpg,00005,train
Larva_Spodoptera_D__00005IMG_00005_BURST20191001101549.jpg,00005,train
Larva_Spodoptera_D__00005IMG_00005_BURST20191001102238.jpg,00005,train
Larva_Spodoptera_D__00005IMG_00005_BURST20191001102630.jpg,00005,train
Larva_Spodoptera_D__00006IMG_00006_BURST20191001101149.jpg,00006,train
Larva_Spodoptera_D__00006IMG_00006_BURST20191001101323.jpg,00006,train
Larva_Spodoptera_D__00006IMG_00006_BURST20191001102055.jpg,00006,train
Larva_Spodoptera_D__00006IMG_00006_BURST20191001102238.jpg,00006,train
Larva_Spodoptera_D__00006IMG_00006_BURST20191001102824.jpg,00006,train
Larva_Spodoptera_D__00007IMG_00007_BURST20191001101149.jpg,00007,train
Larva_Spodoptera_D__00007IMG_00007_BURST20191001101323.jpg,00007,train
Larva_Spodoptera_D__00007IMG_00007_BURST20191001101549.jpg,00007,train
Larva_Spodoptera_D__00007IMG_00007_BURST20191001102457.jpg,00007,train
Larva_Spodoptera_D__00007IMG_00007_BURST20191001102630.jpg,00007,train
Larva_Spodoptera_D__00007IMG_00007_BURST20191001102824.jpg,00007,train
Larva_Spodoptera_D__00008IMG_00008_BURST20191001100859.jpg,00008,train
Larva_Spodoptera_D__00008IMG_00008_BURST20191001101323.jpg,00008,train
Larva_Spodoptera_D__00008IMG_00008_BURST20191001101549.jpg,00008,train
Larva_Spodoptera_D__00008IMG_00008_BURST20191001102055.jpg,00008,train
Larva_Spodoptera_D__00008IMG_00008_BURST20191001102630.jpg,00008,train
Larva_Spodoptera_D__00008IMG_00008_BURST20191001102824.jpg,00008,train
Larva_Spodoptera_D__00009IMG_00009_BURST20191001101149.jpg,00009,train
Larva_Spodoptera_D__00009IMG_00009_BURST20191001101549.jpg,00009,train
Larva_Spodoptera_D__00009IMG_00009_BURST20191001102055.jpg,00009,train
Larva_Spodoptera_D__00009IMG_00009_BURST20191001102457.jpg,00009,train
Larva_Spodoptera_D__00009IMG_00009_BURST20191001102630.jpg,00009,train
Larva_Spodoptera_D__00009IMG_00009_BURST20191001102824.jpg,00009,train
Larva_Spodoptera_D__00010IMG_00010_BURST20191001101323.jpg,00010,train
Larva_Spodoptera_D__00010IMG_00010_BURST20191001101549.jpg,00010,train
Larva_Spodoptera_D__00010IMG_00010_BURST20191001102055.jpg,00010,train
Larva_Spodoptera_D__00010IMG_00010_BURST20191001102238.jpg,00010,train
Larva_Spodoptera_D__00010IMG_00010_BURST20191001102630.jpg,00010,train
Larva_Spodoptera_D__00010IMG_00010_BURST20191001102824.jpg,00010,train
Larva_Spodoptera_D__00011IMG_00011_BURST20191001101549.jpg,00011,train
Larva_Spodoptera_D__00011IMG_00011_BURST20191001102457.jpg,00011,train
Larva_Spodoptera_D__00011IMG_00011_BURST20191001102630.jpg,00011,train
Larva_Spodoptera_D__00011IMG_00011_BURST20191001102824.jpg,00011,train
Larva_Spodoptera_D__00012IMG_00012_BURST20191001101149.jpg,00012,train
Larva_Spodoptera_D__00012IMG_00012_BURST20191001101323.jpg,00012,train
Larva_Spodoptera_D__00012IMG_00012_BURST20191001101549.jpg,00012,train
Larva_Spodoptera_D__00012IMG_00012_BURST20191001102630.jpg,00012,train
Larva_Spodoptera_D__00013IMG_00013_BURST20191001101323.jpg,00013,train
Larva_Spodoptera_D__00013IMG_00013_BURST20191001101549.jpg,00013,train
Larva_Spodoptera_D__00013IMG_00013_BURST20191001102055.jpg,00013,train
Larva_Spodoptera_D__00013IMG_00013_BURST20191001102457.jpg,00013,train
Larva_Spodoptera_D__00013IMG_00013_BURST20191001102630.jpg,00013,train
Larva_Spodoptera_D__00014IMG_00014_BURST20191001101323.jpg,00014,train
Larva_Spodoptera_D__00014IMG_00014_BURST20191001101549.jpg,00014,train
Larva_Spodoptera_D__00014IMG_00014_BURST20191001102055.jpg,00014,train
Larva_Spodoptera_D__00014IMG_00014_BURST20191001102457.jpg,00014,train
Larva_Spodoptera_D__00014IMG_00014_BURST20191001102630.jpg,00014,train
Larva_Spodoptera_D__00014IMG_00014_BURST20191001102824.jpg,00014,train
Larva_Spodoptera_D__00015IMG_00015_BURST20191001101149.jpg,00015,train
Larva_Spodoptera_D__00015IMG_00015_BURST20191001101323.jpg,00015,train
Larva_Spodoptera_D__00015IMG_00015_BURST20191001101549.jpg,00015,train
Larva_Spodoptera_D__00015IMG_00015_BURST20191001102055.jpg,00015,train
Larva_Spodoptera_D__00015IMG_00015_BURST20191001102238.jpg,00015,train
Larva_Spodoptera_D__00015IMG_00015_BURST20191001102457.jpg,00015,train
Larva_Spodoptera_D__00015IMG_00015_BURST20191001102824.jpg,00015,train
Larva_Spodoptera_D__00016IMG_00016_BURST20191001100859.jpg,00016,train
Larva_Spodoptera_D__00016IMG_00016_BURST20191001101323.jpg,00016,train
Larva_Spodoptera_D__00016IMG_00016_BURST20191001101549.jpg,00016,train
Larva_Spodoptera_D__00016IMG_00016_BURST20191001102055.jpg,00016,train
Larva_Spodoptera_D__00016IMG_00016_BURST20191001102238.jpg,00016,train
Larva_Spodoptera_D__00016IMG_00016_BURST20191001102457.jpg,00016,train
Larva_Spodoptera_D__00016IMG_00016_BURST20191001102630.jpg,00016,train
Larva_Spodoptera_D__00016IMG_00016_BURST20191001102824.jpg,00016,train
Larva_Spodoptera_D__00017IMG_00017_BURST20191001102055.jpg,00017,train
Larva_Spodoptera_D__00017IMG_00017_BURST20191001102238.jpg,00017,train
Larva_Spodoptera_D__00017IMG_00017_BURST20191001102457.jpg,00017,train
Larva_Spodoptera_D__00017IMG_00017_BURST20191001102630.jpg,00017,train
Larva_Spodoptera_D__00017IMG_00017_BURST20191001102824.jpg,00017,train
Larva_Spodoptera_D__00018IMG_00018_BURST20191001100859.jpg,00018,train
Larva_Spodoptera_D__00018IMG_00018_BURST20191001102055.jpg,00018,train
Larva_Spodoptera_D__00018IMG_00018_BURST20191001102238.jpg,00018,train
Larva_Spodoptera_D__00018IMG_00018_BURST20191001102630.jpg,00018,train
Larva_Spodoptera_D__00018IMG_00018_BURST20191001102824.jpg,00018,train
Larva_Spodoptera_D__00019IMG_00019_BURST20191001101323.jpg,00019,train
Larva_Spodoptera_D__00019IMG_00019_BURST20191001101549.jpg,00019,train
Larva_Spodoptera_D__00019IMG_00019_BURST20191001102238.jpg,00019,train
Larva_Spodoptera_D__00019IMG_00019_BURST20191001102630.jpg,00019,train
Larva_Spodoptera_D__00020IMG_00020_BURST20191001101323.jpg,00020,train
Larva_Spodoptera_D__00020IMG_00020_BURST20191001101549.jpg,00020,train
Larva_Spodoptera_D__00020IMG_00020_BURST20191001102055.jpg,00020,train
Larva_Spodoptera_D__00020IMG_00020_BURST20191001102457.jpg,00020,train
Larva_Spodoptera_D__00020IMG_00020_BURST20191001102630.jpg,00020,train
Larva_Spodoptera_D__00020IMG_00020_BURST20191001102824.jpg,00020,train
Larva_Spodoptera_D__00021IMG_00021_BURST20191001101323.jpg,00021,train
Larva_Spodoptera_D__00021IMG_00021_BURST20191001101549.jpg,00021,train
Larva_Spodoptera_D__00021IMG_00021_BURST20191001102055.jpg,00021,train
Larva_Spodoptera_D__00021IMG_00021_BURST20191001102238.jpg,00021,train
Larva_Spodoptera_D__00022IMG_00022_BURST20191001102055.jpg,00022,train
Larva_Spodoptera_D__00022IMG_00022_BURST20191001102238.jpg,00022,train
Larva_Spodoptera_D__00022IMG_00022_BURST20191001102457.jpg,00022,train
Larva_Spodoptera_D__00022IMG_00022_BURST20191001102824.jpg,00022,train
Larva_Spodoptera_D__00023IMG_00023_BURST20191001101323.jpg,00023,train
Larva_Spodoptera_D__00023IMG_00023_BURST20191001101549.jpg,00023,train
Larva_Spodoptera_D__00023IMG_00023_BURST20191001102055.jpg,00023,train
Larva_Spodoptera_D__00023IMG_00023_BURST20191001102238.jpg,00023,train
Larva_Spodoptera_D__00023IMG_00023_BURST20191001102630.jpg,00023,train
Larva_Spodoptera_D__00023IMG_00023_BURST20191001102824.jpg,00023,train
Larva_Spodoptera_D__00024IMG_00024_BURST20191001101323.jpg,00024,train
Larva_Spodoptera_D__00024IMG_00024_BURST20191001101549.jpg,00024,train
Larva_Spodoptera_D__00024IMG_00024_BURST20191001102055.jpg,00024,train
Larva_Spodoptera_D__00024IMG_00024_BURST20191001102457.jpg,00024,train
Larva_Spodoptera_D__00024IMG_00024_BURST20191001102630.jpg,00024,train
Larva_Spodoptera_D__00025IMG_00025_BURST20191001102055.jpg,00025,train
Larva_Spodoptera_D__00025IMG_00025_BURST20191001102238.jpg,00025,train
Larva_Spodoptera_D__00025IMG_00025_BURST20191001102457.jpg,00025,train
Larva_Spodoptera_D__00025IMG_00025_BURST20191001102824.jpg,00025,train
Larva_Spodoptera_D__00026IMG_00026_BURST20191001101549.jpg,00026,train
Larva_Spodoptera_D__00026IMG_00026_BURST20191001102055.jpg,00026,train
Larva_Spodoptera_D__00026IMG_00026_BURST20191001102238.jpg,00026,train
Larva_Spodoptera_D__00026IMG_00026_BURST20191001102457.jpg,00026,train
Larva_Spodoptera_D__00026IMG_00026_BURST20191001102824.jpg,00026,train
Larva_Spodoptera_D__00027IMG_00027_BURST20191001101323.jpg,00027,train
Larva_Spodoptera_D__00027IMG_00027_BURST20191001101549.jpg,00027,train
Larva_Spodoptera_D__00027IMG_00027_BURST20191001102630.jpg,00027,train
Larva_Spodoptera_D__00028IMG_00028_BURST20191001101323.jpg,00028,train
Larva_Spodoptera_D__00028IMG_00028_BURST20191001101549.jpg,00028,train
Larva_Spodoptera_D__00028IMG_00028_BURST20191001102055.jpg,00028,train
Larva_Spodoptera_D__00028IMG_00028_BURST20191001102238.jpg,00028,train
Larva_Spodoptera_D__00028IMG_00028_BURST20191001102457.jpg,00028,train
Larva_Spodoptera_D__00028IMG_00028_BURST20191001102630.jpg,00028,train
Larva_Spodoptera_D__00029IMG_00029_BURST20191001101323.jpg,00029,train
Larva_Spodoptera_D__00029IMG_00029_BURST20191001101549.jpg,00029,train
Larva_Spodoptera_D__00029IMG_00029_BURST20191001102055.jpg,00029,train
Larva_Spodoptera_D__00029IMG_00029_BURST20191001102457.jpg,00029,train
Larva_Spodoptera_D__00029IMG_00029_BURST20191001102630.jpg,00029,train
Larva_Spodoptera_D__00029IMG_00029_BURST20191001102824.jpg,00029,train
Larva_Spodoptera_D__00030IMG_00030_BURST20191001101323.jpg,00030,train
Larva_Spodoptera_D__00030IMG_00030_BURST20191001101549.jpg,00030,train
Larva_Spodoptera_D__00030IMG_00030_BURST20191001102055.jpg,00030,train
Larva_Spodoptera_D__00030IMG_00030_BURST20191001102457.jpg,00030,train
Larva_Spodoptera_D__00030IMG_00030_BURST20191001102630.jpg,00030,train
Larva_Spodoptera_D__00030IMG_00030_BURST20191001102824.jpg,00030,train
Larva_Spodoptera_D__00031IMG_00031_BURST20191001101323.jpg,00031,train
Larva_Spodoptera_D__00031IMG_00031_BURST20191001101549.jpg,00031,train
Larva_Spodoptera_D__00031IMG_00031_BURST20191001102055.jpg,00031,train
Larva_Spodoptera_D__00031IMG_00031_BURST20191001102457.jpg,00031,train
Larva_Spodoptera_D__00031IMG_00031_BURST20191001102630.jpg,00031,train
Larva_Spodoptera_D__00031IMG_00031_BURST20191001102824.jpg,00031,train
Larva_Spodoptera_D__00032IMG_00032_BURST20191001101323.jpg,00032,train
Larva_Spodoptera_D__00032IMG_00032_BURST20191001101549.jpg,00032,train
Larva_Spodoptera_D__00032IMG_00032_BURST20191001102055.jpg,00032,train
Larva_Spodoptera_D__00032IMG_00032_BURST20191001102457.jpg,00032,train
Larva_Spodoptera_D__00032IMG_00032_BURST20191001102630.jpg,00032,train
Larva_Spodoptera_D__00033IMG_00033_BURST20191001101323.jpg,00033,train
Larva_Spodoptera_D__00033IMG_00033_BURST20191001101549.jpg,00033,train
Larva_Spodoptera_D__00033IMG_00033_BURST20191001102055.jpg,00033,train
Larva_Spodoptera_D__00033IMG_00033_BURST20191001102238.jpg,00033,train
Larva_Spodoptera_D__00033IMG_00033_BURST20191001102630.jpg,00033,train
Larva_Spodoptera_D__00034IMG_00034_BURST20191001101549.jpg,00034,train
Larva_Spodoptera_D__00034IMG_00034_BURST20191001102055.jpg,00034,train
Larva_Spodoptera_D__00034IMG_00034_BURST20191001102238.jpg,00034,train
Larva_Spodoptera_D__00034IMG_00034_BURST20191001102457.jpg,00034,train
Larva_Spodoptera_D__00034IMG_00034_BURST20191001102630.jpg,00034,train
Larva_Spodoptera_D__00034IMG_00034_BURST20191001102824.jpg,00034,train
Larva_Spodoptera_D__00035IMG_00035_BURST20191001101549.jpg,00035,train
Larva_Spodoptera_D__00035IMG_00035_BURST20191001102055.jpg,00035,train
Larva_Spodoptera_D__00035IMG_00035_BURST20191001102457.jpg,00035,train
Larva_Spodoptera_D__00035IMG_00035_BURST20191001102824.jpg,00035,train
Larva_Spodoptera_D__00036IMG_00036_BURST20191001101549.jpg,00036,train
Larva_Spodoptera_D__00036IMG_00036_BURST20191001102055.jpg,00036,train
Larva_Spodoptera_D__00036IMG_00036_BURST20191001102238.jpg,00036,train
Larva_Spodoptera_D__00036IMG_00036_BURST20191001102457.jpg,00036,train
Larva_Spodoptera_D__00036IMG_00036_BURST20191001102630.jpg,00036,train
Larva_Spodoptera_D__00036IMG_00036_BURST20191001102824.jpg,00036,train
Larva_Spodoptera_D__00037IMG_00037_BURST20191001101323.jpg,00037,train
Larva_Spodoptera_D__00037IMG_00037_BURST20191001101549.jpg,00037,train
Larva_Spodoptera_D__00037IMG_00037_BURST20191001102055.jpg,00037,train
Larva_Spodoptera_D__00037IMG_00037_BURST20191001102457.jpg,00037,train
Larva_Spodoptera_D__00037IMG_00037_BURST20191001102630.jpg,00037,train
Larva_Spodoptera_D__00037IMG_00037_BURST20191001102824.jpg,00037,train
Larva_Spodoptera_D__00038IMG_00038_BURST20191001101323.jpg,00038,train
Larva_Spodoptera_D__00038IMG_00038_BURST20191001102055.jpg,00038,train
Larva_Spodoptera_D__00038IMG_00038_BURST20191001102238.jpg,00038,train
Larva_Spodoptera_D__00038IMG_00038_BURST20191001102457.jpg,00038,train
Larva_Spodoptera_D__00038IMG_00038_BURST20191001102630.jpg,00038,train
Larva_Spodoptera_D__00038IMG_00038_BURST20191001102824.jpg,00038,train
Larva_Spodoptera_D__00039IMG_00039_BURST20191001101323.jpg,00039,train
Larva_Spodoptera_D__00039IMG_00039_BURST20191001101549.jpg,00039,train
Larva_Spodoptera_D__00039IMG_00039_BURST20191001102238.jpg,00039,train
Larva_Spodoptera_D__00039IMG_00039_BURST20191001102457.jpg,00039,train
Larva_Spodoptera_D__00040IMG_00040_BURST20191001101549.jpg,00040,train
Larva_Spodoptera_D__00040IMG_00040_BURST20191001102055.jpg,00040,train
Larva_Spodoptera_D__00040IMG_00040_BURST20191001102457.jpg,00040,train
Larva_Spodoptera_D__00040IMG_00040_BURST20191001102630.jpg,00040,train
Larva_Spodoptera_D__00040IMG_00040_BURST20191001102824.jpg,00040,train
Larva_Spodoptera_D__00041IMG_00041_BURST20191001101323.jpg,00041,train
Larva_Spodoptera_D__00041IMG_00041_BURST20191001102055.jpg,00041,train
Larva_Spodoptera_D__00041IMG_00041_BURST20191001102630.jpg,00041,train
Larva_Spodoptera_D__00041IMG_00041_BURST20191001102824.jpg,00041,train
Larva_Spodoptera_D__00042IMG_00042_BURST20191001101323.jpg,00042,train
Larva_Spodoptera_D__00042IMG_00042_BURST20191001101549.jpg,00042,train
Larva_Spodoptera_D__00042IMG_00042_BURST20191001102055.jpg,00042,train
Larva_Spodoptera_D__00042IMG_00042_BURST20191001102238.jpg,00042,train
Larva_Spodoptera_D__00042IMG_00042_BURST20191001102457.jpg,00042,train
Larva_Spodoptera_D__00042IMG_00042_BURST20191001102630.jpg,00042,train
Larva_Spodoptera_D__00042IMG_00042_BURST20191001102824.jpg,00042,train
Larva_Spodoptera_D__00043IMG_00043_BURST20191001101323.jpg,00043,train
Larva_Spodoptera_D__00043IMG_00043_BURST20191001101549.jpg,00043,train
Larva_Spodoptera_D__00043IMG_00043_BURST20191001102055.jpg,00043,train
Larva_Spodoptera_D__00043IMG_00043_BURST20191001102238.jpg,00043,train
Larva_Spodoptera_D__00043IMG_00043_BURST20191001102457.jpg,00043,train
Larva_Spodoptera_D__00043IMG_00043_BURST20191001102630.jpg,00043,train
Larva_Spodoptera_D__00044IMG_00044_BURST20191001102238.jpg,00044,train
Larva_Spodoptera_D__00044IMG_00044_BURST20191001102457.jpg,00044,train
Larva_Spodoptera_D__00045IMG_00045_BURST20191001101323.jpg,00045,train
Larva_Spodoptera_D__00045IMG_00045_BURST20191001101549.jpg,00045,train
Larva_Spodoptera_D__00045IMG_00045_BURST20191001102055.jpg,00045,train
Larva_Spodoptera_D__00045IMG_00045_BURST20191001102238.jpg,00045,train
Larva_Spodoptera_D__00045IMG_00045_BURST20191001102457.jpg,00045,train
Larva_Spodoptera_D__00045IMG_00045_BURST20191001102630.jpg,00045,train
Larva_Spodoptera_D__00045IMG_00045_BURST20191001102824.jpg,00045,train
Larva_Spodoptera_D__00046IMG_00046_BURST20191001101323.jpg,00046,train
Larva_Spodoptera_D__00046IMG_00046_BURST20191001101549.jpg,00046,train
Larva_Spodoptera_D__00046IMG_00046_BURST20191001102055.jpg,00046,train
Larva_Spodoptera_D__00046IMG_00046_BURST20191001102238.jpg,00046,train
Larva_Spodoptera_D__00046IMG_00046_BURST20191001102630.jpg,00046,train
Larva_Spodoptera_D__00047IMG_00047_BURST20191001101323.jpg,00047,train
Larva_Spodoptera_D__00047IMG_00047_BURST20191001101549.jpg,00047,train
Larva_Spodoptera_D__00047IMG_00047_BURST20191001102055.jpg,00047,train
Larva_Spodoptera_D__00047IMG_00047_BURST20191001102238.jpg,00047,train
Larva_Spodoptera_D__00047IMG_00047_BURST20191001102457.jpg,00047,train
Larva_Spodoptera_D__00047IMG_00047_BURST20191001102824.jpg,00047,train
Larva_Spodoptera_D__00048IMG_00048_BURST20191001100859.jpg,00048,train
Larva_Spodoptera_D__00048IMG_00048_BURST20191001101323.jpg,00048,train
Larva_Spodoptera_D__00048IMG_00048_BURST20191001101549.jpg,00048,train
Larva_Spodoptera_D__00048IMG_00048_BURST20191001102055.jpg,00048,train
Larva_Spodoptera_D__00048IMG_00048_BURST20191001102238.jpg,00048,train
Larva_Spodoptera_D__00048IMG_00048_BURST20191001102457.jpg,00048,train
Larva_Spodoptera_D__00048IMG_00048_BURST20191001102630.jpg,00048,train
Larva_Spodoptera_D__00048IMG_00048_BURST20191001102824.jpg,00048,train
Larva_Spodoptera_D__00049IMG_00049_BURST20191001100859.jpg,00049,train
Larva_Spodoptera_D__00049IMG_00049_BURST20191001101323.jpg,00049,train
Larva_Spodoptera_D__00049IMG_00049_BURST20191001101549.jpg,00049,train
Larva_Spodoptera_D__00049IMG_00049_BURST20191001102238.jpg,00049,train
Larva_Spodoptera_D__00049IMG_00049_BURST20191001102630.jpg,00049,train
Larva_Spodoptera_D__00050IMG_00050_BURST20191001101323.jpg,00050,train
Larva_Spodoptera_D__00050IMG_00050_BURST20191001102055.jpg,00050,train
Larva_Spodoptera_D__00050IMG_00050_BURST20191001102457.jpg,00050,train
Larva_Spodoptera_D__00050IMG_00050_BURST20191001102630.jpg,00050,train
Larva_Spodoptera_D__00050IMG_00050_BURST20191001102824.jpg,00050,train
Larva_Spodoptera_D__00051IMG_00051_BURST20191001100859.jpg,00051,train
Larva_Spodoptera_D__00051IMG_00051_BURST20191001101323.jpg,00051,train
Larva_Spodoptera_D__00051IMG_00051_BURST20191001101549.jpg,00051,train
Larva_Spodoptera_D__00051IMG_00051_BURST20191001102238.jpg,00051,train
Larva_Spodoptera_D__00051IMG_00051_BURST20191001102630.jpg,00051,train
Larva_Spodoptera_D__00051IMG_00051_BURST20191001102824.jpg,00051,train
Larva_Spodoptera_D__00052IMG_00052_BURST20191001100859.jpg,00052,train
Larva_Spodoptera_D__00052IMG_00052_BURST20191001101549.jpg,00052,train
Larva_Spodoptera_D__00052IMG_00052_BURST20191001102055.jpg,00052,train
Larva_Spodoptera_D__00052IMG_00052_BURST20191001102238.jpg,00052,train
Larva_Spodoptera_D__00052IMG_00052_BURST20191001102824.jpg,00052,train
Larva_Spodoptera_D__00053IMG_00053_BURST20191001101323.jpg,00053,train
Larva_Spodoptera_D__00053IMG_00053_BURST20191001101549.jpg,00053,train
Larva_Spodoptera_D__00053IMG_00053_BURST20191001102055.jpg,00053,train
Larva_Spodoptera_D__00053IMG_00053_BURST20191001102238.jpg,00053,train
Larva_Spodoptera_D__00053IMG_00053_BURST20191001102457.jpg,00053,train
Larva_Spodoptera_D__00053IMG_00053_BURST20191001102630.jpg,00053,train
Larva_Spodoptera_D__00053IMG_00053_BURST20191001102824.jpg,00053,train
Larva_Spodoptera_D__00054IMG_00054_BURST20191001100859.jpg,00054,train
Larva_Spodoptera_D__00054IMG_00054_BURST20191001101323.jpg,00054,train
Larva_Spodoptera_D__00054IMG_00054_BURST20191001101549.jpg,00054,train
Larva_Spodoptera_D__00054IMG_00054_BURST20191001102055.jpg,00054,train
Larva_Spodoptera_D__00054IMG_00054_BURST20191001102238.jpg,00054,train
Larva_Spodoptera_D__00054IMG_00054_BURST20191001102457.jpg,00054,train
Larva_Spodoptera_D__00054IMG_00054_BURST20191001102824.jpg,00054,train
Larva_Spodoptera_D__00055IMG_00055_BURST20191001101323.jpg,00055,train
Larva_Spodoptera_D__00055IMG_00055_BURST20191001102055.jpg,00055,train
Larva_Spodoptera_D__00055IMG_00055_BURST20191001102457.jpg,00055,train
Larva_Spodoptera_D__00055IMG_00055_BURST20191001102824.jpg,00055,train
Larva_Spodoptera_D__00056IMG_00056_BURST20191001101323.jpg,00056,train
Larva_Spodoptera_D__00056IMG_00056_BURST20191001101549.jpg,00056,train
Larva_Spodoptera_D__00056IMG_00056_BURST20191001102055.jpg,00056,train
Larva_Spodoptera_D__00056IMG_00056_BURST20191001102238.jpg,00056,train
Larva_Spodoptera_D__00056IMG_00056_BURST20191001102457.jpg,00056,train
Larva_Spodoptera_D__00056IMG_00056_BURST20191001102630.jpg,00056,train
Larva_Spodoptera_D__00056IMG_00056_BURST20191001102824.jpg,00056,train
Larva_Spodoptera_D__00057IMG_00057_BURST20191001100859.jpg,00057,train
Larva_Spodoptera_D__00057IMG_00057_BURST20191001101019.jpg,00057,train
Larva_Spodoptera_D__00057IMG_00057_BURST20191001101323.jpg,00057,train
Larva_Spodoptera_D__00057IMG_00057_BURST20191001101549.jpg,00057,train
Larva_Spodoptera_D__00057IMG_00057_BURST20191001102055.jpg,00057,train
Larva_Spodoptera_D__00057IMG_00057_BURST20191001102457.jpg,00057,train
Larva_Spodoptera_D__00057IMG_00057_BURST20191001102630.jpg,00057,train
Larva_Spodoptera_D__00057IMG_00057_BURST20191001102824.jpg,00057,train
Larva_Spodoptera_D__00058IMG_00058_BURST20191001101323.jpg,00058,train
Larva_Spodoptera_D__00058IMG_00058_BURST20191001101549.jpg,00058,train
Larva_Spodoptera_D__00058IMG_00058_BURST20191001102055.jpg,00058,train
Larva_Spodoptera_D__00058IMG_00058_BURST20191001102630.jpg,00058,train
Larva_Spodoptera_D__00058IMG_00058_BURST20191001102824.jpg,00058,train
Larva_Spodoptera_D__00059IMG_00059_BURST20191001101323.jpg,00059,train
Larva_Spodoptera_D__00059IMG_00059_BURST20191001101549.jpg,00059,train
Larva_Spodoptera_D__00059IMG_00059_BURST20191001102055.jpg,00059,train
Larva_Spodoptera_D__00059IMG_00059_BURST20191001102238.jpg,00059,train
Larva_Spodoptera_D__00059IMG_00059_BURST20191001102457.jpg,00059,train
Larva_Spodoptera_D__00059IMG_00059_BURST20191001102630.jpg,00059,train
Larva_Spodoptera_D__00059IMG_00059_BURST20191001102824.jpg,00059,train
Larva_Spodoptera_D__00060IMG_00060_BURST20191001101549.jpg,00060,train
Larva_Spodoptera_D__00060IMG_00060_BURST20191001102824.jpg,00060,train
Larva_Spodoptera_D__00061IMG_00061_BURST20191001100859.jpg,00061,train
Larva_Spodoptera_D__00061IMG_00061_BURST20191001101323.jpg,00061,train
Larva_Spodoptera_D__00061IMG_00061_BURST20191001102457.jpg,00061,train
Larva_Spodoptera_D__00061IMG_00061_BURST20191001102630.jpg,00061,train
Larva_Spodoptera_D__00061IMG_00061_BURST20191001102824.jpg,00061,train
Larva_Spodoptera_D__00062IMG_00062_BURST20191001101323.jpg,00062,train
Larva_Spodoptera_D__00062IMG_00062_BURST20191001102238.jpg,00062,train
Larva_Spodoptera_D__00062IMG_00062_BURST20191001102457.jpg,00062,train
Larva_Spodoptera_D__00062IMG_00062_BURST20191001102630.jpg,00062,train
Larva_Spodoptera_D__00063IMG_00063_BURST20191001100859.jpg,00063,train
Larva_Spodoptera_D__00063IMG_00063_BURST20191001101323.jpg,00063,train
Larva_Spodoptera_D__00063IMG_00063_BURST20191001102055.jpg,00063,train
Larva_Spodoptera_D__00063IMG_00063_BURST20191001102238.jpg,00063,train
Larva_Spodoptera_D__00063IMG_00063_BURST20191001102457.jpg,00063,train
Larva_Spodoptera_D__00063IMG_00063_BURST20191001102630.jpg,00063,train
Larva_Spodoptera_D__00063IMG_00063_BURST20191001102824.jpg,00063,train
Larva_Spodoptera_D__00064IMG_00064_BURST20191001101323.jpg,00064,train
Larva_Spodoptera_D__00064IMG_00064_BURST20191001102238.jpg,00064,train
Larva_Spodoptera_D__00064IMG_00064_BURST20191001102457.jpg,00064,train
Larva_Spodoptera_D__00064IMG_00064_BURST20191001102824.jpg,00064,train
Larva_Spodoptera_D__00065IMG_00065_BURST20191001101323.jpg,00065,train
Larva_Spodoptera_D__00065IMG_00065_BURST20191001101549.jpg,00065,train
Larva_Spodoptera_D__00065IMG_00065_BURST20191001102457.jpg,00065,train
Larva_Spodoptera_D__00065IMG_00065_BURST20191001102630.jpg,00065,train
Larva_Spodoptera_D__00065IMG_00065_BURST20191001102824.jpg,00065,train
Larva_Spodoptera_D__00066IMG_00066_BURST20191001101323.jpg,00066,train
Larva_Spodoptera_D__00066IMG_00066_BURST20191001101549.jpg,00066,train
Larva_Spodoptera_D__00066IMG_00066_BURST20191001102055.jpg,00066,train
Larva_Spodoptera_D__00066IMG_00066_BURST20191001102238.jpg,00066,train
Larva_Spodoptera_D__00066IMG_00066_BURST20191001102457.jpg,00066,train
Larva_Spodoptera_D__00066IMG_00066_BURST20191001102630.jpg,00066,train
Larva_Spodoptera_D__00067IMG_00067_BURST20191001101323.jpg,00067,train
Larva_Spodoptera_D__00067IMG_00067_BURST20191001101549.jpg,00067,train
Larva_Spodoptera_D__00067IMG_00067_BURST20191001102238.jpg,00067,train
Larva_Spodoptera_D__00067IMG_00067_BURST20191001102630.jpg,00067,train
Larva_Spodoptera_D__00067IMG_00067_BURST20191001102824.jpg,00067,train
Larva_Spodoptera_D__00068IMG_00068_BURST20191001101323.jpg,00068,train
Larva_Spodoptera_D__00068IMG_00068_BURST20191001101549.jpg,00068,train
Larva_Spodoptera_D__00068IMG_00068_BURST20191001102055.jpg,00068,train
Larva_Spodoptera_D__00068IMG_00068_BURST20191001102238.jpg,00068,train
Larva_Spodoptera_D__00068IMG_00068_BURST20191001102457.jpg,00068,train
Larva_Spodoptera_D__00068IMG_00068_BURST20191001102630.jpg,00068,train
Larva_Spodoptera_D__00069IMG_00069_BURST20191001100859.jpg,00069,train
Larva_Spodoptera_D__00069IMG_00069_BURST20191001101549.jpg,00069,train
Larva_Spodoptera_D__00069IMG_00069_BURST20191001102055.jpg,00069,train
Larva_Spodoptera_D__00069IMG_00069_BURST20191001102238.jpg,00069,train
Larva_Spodoptera_D__00069IMG_00069_BURST20191001102824.jpg,00069,train
Larva_Spodoptera_D__00070IMG_00070_BURST20191001101323.jpg,00070,train
Larva_Spodoptera_D__00070IMG_00070_BURST20191001101549.jpg,00070,train
Larva_Spodoptera_D__00070IMG_00070_BURST20191001102055.jpg,00070,train
Larva_Spodoptera_D__00070IMG_00070_BURST20191001102238.jpg,00070,train
Larva_Spodoptera_D__00070IMG_00070_BURST20191001102457.jpg,00070,train
Larva_Spodoptera_D__00070IMG_00070_BURST20191001102630.jpg,00070,train
Larva_Spodoptera_D__00070IMG_00070_BURST20191001102824.jpg,00070,train
Larva_Spodoptera_D__00071IMG_00071_BURST20191001100859.jpg,00071,train
Larva_Spodoptera_D__00071IMG_00071_BURST20191001101149.jpg,00071,train
Larva_Spodoptera_D__00071IMG_00071_BURST20191001101323.jpg,00071,train
Larva_Spodoptera_D__00071IMG_00071_BURST20191001102457.jpg,00071,train
Larva_Spodoptera_D__00071IMG_00071_BURST20191001102824.jpg,00071,train
Larva_Spodoptera_D__00072IMG_00072_BURST20191001101323.jpg,00072,train
Larva_Spodoptera_D__00072IMG_00072_BURST20191001101549.jpg,00072,train
Larva_Spodoptera_D__00072IMG_00072_BURST20191001102055.jpg,00072,train
Larva_Spodoptera_D__00072IMG_00072_BURST20191001102457.jpg,00072,train
Larva_Spodoptera_D__00073IMG_00073_BURST20191001101149.jpg,00073,train
Larva_Spodoptera_D__00073IMG_00073_BURST20191001102457.jpg,00073,train
Larva_Spodoptera_D__00073IMG_00073_BURST20191001102630.jpg,00073,train
Larva_Spodoptera_D__00073IMG_00073_BURST20191001102824.jpg,00073,train
Larva_Spodoptera_D__00074IMG_00074_BURST20191001101149.jpg,00074,train
Larva_Spodoptera_D__00074IMG_00074_BURST20191001101323.jpg,00074,train
Larva_Spodoptera_D__00074IMG_00074_BURST20191001101549.jpg,00074,train
Larva_Spodoptera_D__00074IMG_00074_BURST20191001102457.jpg,00074,train
Larva_Spodoptera_D__00074IMG_00074_BURST20191001102630.jpg,00074,train
Larva_Spodoptera_D__00074IMG_00074_BURST20191001102824.jpg,00074,train
Larva_Spodoptera_D__00075IMG_00075_BURST20191001101149.jpg,00075,train
Larva_Spodoptera_D__00075IMG_00075_BURST20191001101549.jpg,00075,train
Larva_Spodoptera_D__00075IMG_00075_BURST20191001102055.jpg,00075,train
Larva_Spodoptera_D__00075IMG_00075_BURST20191001102238.jpg,00075,train
Larva_Spodoptera_D__00075IMG_00075_BURST20191001102630.jpg,00075,train
Larva_Spodoptera_D__00075IMG_00075_BURST20191001102824.jpg,00075,train
Larva_Spodoptera_D__00076IMG_00076_BURST20191001102238.jpg,00076,train
Larva_Spodoptera_D__00076IMG_00076_BURST20191001102457.jpg,00076,train
Larva_Spodoptera_D__00076IMG_00076_BURST20191001102630.jpg,00076,train
Larva_Spodoptera_D__00077IMG_00077_BURST20191001100859.jpg,00077,train
Larva_Spodoptera_D__00077IMG_00077_BURST20191001101323.jpg,00077,train
Larva_Spodoptera_D__00077IMG_00077_BURST20191001101549.jpg,00077,train
Larva_Spodoptera_D__00077IMG_00077_BURST20191001102055.jpg,00077,train
Larva_Spodoptera_D__00077IMG_00077_BURST20191001102630.jpg,00077,train
Larva_Spodoptera_D__00077IMG_00077_BURST20191001102824.jpg,00077,train
Larva_Spodoptera_D__00078IMG_00078_BURST20191001101323.jpg,00078,train
Larva_Spodoptera_D__00078IMG_00078_BURST20191001101549.jpg,00078,train
Larva_Spodoptera_D__00078IMG_00078_BURST20191001102055.jpg,00078,train
Larva_Spodoptera_D__00078IMG_00078_BURST20191001102238.jpg,00078,train
Larva_Spodoptera_D__00078IMG_00078_BURST20191001102457.jpg,00078,train
Larva_Spodoptera_D__00078IMG_00078_BURST20191001102824.jpg,00078,train
Larva_Spodoptera_D__00079IMG_00079_BURST20191001101323.jpg,00079,train
Larva_Spodoptera_D__00079IMG_00079_BURST20191001101549.jpg,00079,train
Larva_Spodoptera_D__00079IMG_00079_BURST20191001102457.jpg,00079,train
Larva_Spodoptera_D__00079IMG_00079_BURST20191001102630.jpg,00079,train
Larva_Spodoptera_D__00080IMG_00080_BURST20191001102457.jpg,00080,train
Larva_Spodoptera_D__00080IMG_00080_BURST20191001102630.jpg,00080,train
Larva_Spodoptera_D__00080IMG_00080_BURST20191001102824.jpg,00080,train
Larva_Spodoptera_D__00081IMG_00081_BURST20191001101019.jpg,00081,train
Larva_Spodoptera_D__00081IMG_00081_BURST20191001101323.jpg,00081,train
Larva_Spodoptera_D__00081IMG_00081_BURST20191001102238.jpg,00081,train
Larva_Spodoptera_D__00081IMG_00081_BURST20191001102457.jpg,00081,train
Larva_Spodoptera_D__00081IMG_00081_BURST20191001102630.jpg,00081,train
Larva_Spodoptera_D__00082IMG_00082_BURST20191001101323.jpg,00082,train
Larva_Spodoptera_D__00082IMG_00082_BURST20191001101549.jpg,00082,train
Larva_Spodoptera_D__00082IMG_00082_BURST20191001102238.jpg,00082,train
Larva_Spodoptera_D__00082IMG_00082_BURST20191001102457.jpg,00082,train
Larva_Spodoptera_D__00082IMG_00082_BURST20191001102824.jpg,00082,train
Larva_Spodoptera_D__00083IMG_00083_BURST20191001101019.jpg,00083,train
Larva_Spodoptera_D__00083IMG_00083_BURST20191001101323.jpg,00083,train
Larva_Spodoptera_D__00083IMG_00083_BURST20191001101549.jpg,00083,train
Larva_Spodoptera_D__00083IMG_00083_BURST20191001102238.jpg,00083,train
Larva_Spodoptera_D__00084IMG_00084_BURST20191001101019.jpg,00084,train
Larva_Spodoptera_D__00084IMG_00084_BURST20191001101549.jpg,00084,train
Larva_Spodoptera_D__00084IMG_00084_BURST20191001102055.jpg,00084,train
Larva_Spodoptera_D__00084IMG_00084_BURST20191001102238.jpg,00084,train
Larva_Spodoptera_D__00084IMG_00084_BURST20191001102457.jpg,00084,train
Larva_Spodoptera_D__00084IMG_00084_BURST20191001102630.jpg,00084,train
Larva_Spodoptera_D__00084IMG_00084_BURST20191001102824.jpg,00084,train
Larva_Spodoptera_D__00085IMG_00085_BURST20191001101323.jpg,00085,train
Larva_Spodoptera_D__00085IMG_00085_BURST20191001101549.jpg,00085,train
Larva_Spodoptera_D__00085IMG_00085_BURST20191001102055.jpg,00085,train
Larva_Spodoptera_D__00085IMG_00085_BURST20191001102238.jpg,00085,train
Red_Hairy_Catterpillar_C__00001IMG_00001_BURST20190913113132.jpg,00001,train
Red_Hairy_Catterpillar_C__00001IMG_00001_BURST20190913113303.jpg,00001,train
Red_Hairy_Catterpillar_C__00001IMG_00001_BURST20190913113444.jpg,00001,train
Red_Hairy_Catterpillar_C__00001IMG_00001_BURST20190913113633.jpg,00001,train
Red_Hairy_Catterpillar_C__00001IMG_00001_BURST20190913113803.jpg,00001,train
Red_Hairy_Catterpillar_C__00001IMG_00001_BURST20190913113948.jpg,00001,train
Red_Hairy_Catterpillar_C__00001IMG_00001_BURST20190913114142.jpg,00001,train
Red_Hairy_Catterpillar_C__00001IMG_00001_BURST20190913114402.jpg,00001,train
Red_Hairy_Catterpillar_C__00001IMG_00001_BURST20190913114800.jpg,00001,train
Red_Hairy_Catterpillar_C__00002IMG_00002_BURST20190913113132.jpg,00002,train
Red_Hairy_Catterpillar_C__00002IMG_00002_BURST20190913113444.jpg,00002,train
Red_Hairy_Catterpillar_C__00002IMG_00002_BURST20190913113633.jpg,00002,train
Red_Hairy_Catterpillar_C__00002IMG_00002_BURST20190913113803.jpg,00002,train
Red_Hairy_Catterpillar_C__00002IMG_00002_BURST20190913114142.jpg,00002,train
Red_Hairy_Catterpillar_C__00002IMG_00002_BURST20190913114800.jpg,00002,train
Red_Hairy_Catterpillar_C__00003IMG_00003_BURST20190913112954.jpg,00003,train
Red_Hairy_Catterpillar_C__00003IMG_00003_BURST20190913113303.jpg,00003,train
Red_Hairy_Catterpillar_C__00003IMG_00003_BURST20190913113444.jpg,00003,train
Red_Hairy_Catterpillar_C__00003IMG_00003_BURST20190913113633.jpg,00003,train
Red_Hairy_Catterpillar_C__00003IMG_00003_BURST20190913113803.jpg,00003,train
Red_Hairy_Catterpillar_C__00003IMG_00003_BURST20190913113948.jpg,00003,train
Red_Hairy_Catterpillar_C__00003IMG_00003_BURST20190913114142.jpg,00003,train
Red_Hairy_Catterpillar_C__00003IMG_00003_BURST20190913114402.jpg,00003,train
Red_Hairy_Catterpillar_C__00004IMG_00004_BURST20190913113132.jpg,00004,train
Red_Hairy_Catterpillar_C__00004IMG_00004_BURST20190913113303.jpg,00004,train
Red_Hairy_Catterpillar_C__00004IMG_00004_BURST20190913113803.jpg,00004,train
Red_Hairy_Catterpillar_C__00004IMG_00004_BURST20190913114142.jpg,00004,train
Red_Hairy_Catterpillar_C__00004IMG_00004_BURST20190913114402.jpg,00004,train
Red_Hairy_Catterpillar_C__00004IMG_00004_BURST20190913114622.jpg,00004,train
Red_Hairy_Catterpillar_C__00005IMG_00005_BURST20190913112954.jpg,00005,train
Red_Hairy_Catterpillar_C__00005IMG_00005_BURST20190913113132.jpg,00005,train
Red_Hairy_Catterpillar_C__00005IMG_00005_BURST20190913113444.jpg,00005,train
Red_Hairy_Catterpillar_C__00005IMG_00005_BURST20190913113633.jpg,00005,train
Red_Hairy_Catterpillar_C__00005IMG_00005_BURST20190913113803.jpg,00005,train
Red_Hairy_Catterpillar_C__00005IMG_00005_BURST20190913113948.jpg,00005,train
Red_Hairy_Catterpillar_C__00005IMG_00005_BURST20190913114402.jpg,00005,train
Red_Hairy_Catterpillar_C__00005IMG_00005_BURST20190913114800.jpg,00005,train
Red_Hairy_Catterpillar_C__00006IMG_00006_BURST20190913113132.jpg,00006,train
Red_Hairy_Catterpillar_C__00006IMG_00006_BURST20190913113444.jpg,00006,train
Red_Hairy_Catterpillar_C__00006IMG_00006_BURST20190913113803.jpg,00006,train
Red_Hairy_Catterpillar_C__00006IMG_00006_BURST20190913113948.jpg,00006,train
Red_Hairy_Catterpillar_C__00006IMG_00006_BURST20190913114142.jpg,00006,train
Red_Hairy_Catterpillar_C__00006IMG_00006_BURST20190913114402.jpg,00006,train
Red_Hairy_Catterpillar_C__00006IMG_00006_BURST20190913114622.jpg,00006,train
Red_Hairy_Catterpillar_C__00007IMG_00007_BURST20190913112954.jpg,00007,train
Red_Hairy_Catterpillar_C__00007IMG_00007_BURST20190913113444.jpg,00007,train
Red_Hairy_Catterpillar_C__00007IMG_00007_BURST20190913113633.jpg,00007,train
Red_Hairy_Catterpillar_C__00007IMG_00007_BURST20190913113803.jpg,00007,train
Red_Hairy_Catterpillar_C__00007IMG_00007_BURST20190913113948.jpg,00007,train
Red_Hairy_Catterpillar_C__00007IMG_00007_BURST20190913114142.jpg,00007,train
Red_Hairy_Catterpillar_C__00007IMG_00007_BURST20190913114402.jpg,00007,train
Red_Hairy_Catterpillar_C__00007IMG_00007_BURST20190913114622.jpg,00007,train
Red_Hairy_Catterpillar_C__00008IMG_00008_BURST20190913113303.jpg,00008,train
Red_Hairy_Catterpillar_C__00008IMG_00008_BURST20190913113444.jpg,00008,train
Red_Hairy_Catterpillar_C__00008IMG_00008_BURST20190913113633.jpg,00008,train
Red_Hairy_Catterpillar_C__00008IMG_00008_BURST20190913113948.jpg,00008,train
Red_Hairy_Catterpillar_C__00008IMG_00008_BURST20190913114142.jpg,00008,train
Red_Hairy_Catterpillar_C__00008IMG_00008_BURST20190913114402.jpg,00008,train
Red_Hairy_Catterpillar_C__00008IMG_00008_BURST20190913114800.jpg,00008,train
Red_Hairy_Catterpillar_C__00009IMG_00009_BURST20190913113132.jpg,00009,train
Red_Hairy_Catterpillar_C__00009IMG_00009_BURST20190913113303.jpg,00009,train
Red_Hairy_Catterpillar_C__00009IMG_00009_BURST20190913113633.jpg,00009,train
Red_Hairy_Catterpillar_C__00009IMG_00009_BURST20190913113948.jpg,00009,train
Red_Hairy_Catterpillar_C__00009IMG_00009_BURST20190913114142.jpg,00009,train
Red_Hairy_Catterpillar_C__00009IMG_00009_BURST20190913114622.jpg,00009,train
Red_Hairy_Catterpillar_C__00010IMG_00010_BURST20190913112954.jpg,00010,train
Red_Hairy_Catterpillar_C__00010IMG_00010_BURST20190913113444.jpg,00010,train
Red_Hairy_Catterpillar_C__00010IMG_00010_BURST20190913113633.jpg,00010,train
Red_Hairy_Catterpillar_C__00010IMG_00010_BURST20190913113803.jpg,00010,train
Red_Hairy_Catterpillar_C__00010IMG_00010_BURST20190913113948.jpg,00010,train
Red_Hairy_Catterpillar_C__00010IMG_00010_BURST20190913114142.jpg,00010,train
Red_Hairy_Catterpillar_C__00010IMG_00010_BURST20190913114402.jpg,00010,train
Red_Hairy_Catterpillar_C__00010IMG_00010_BURST20190913114622.jpg,00010,train
Red_Hairy_Catterpillar_C__00010IMG_00010_BURST20190913114800.jpg,00010,train
Red_Hairy_Catterpillar_C__00011IMG_00011_BURST20190913113633.jpg,00011,train
Red_Hairy_Catterpillar_C__00011IMG_00011_BURST20190913113803.jpg,00011,train
Red_Hairy_Catterpillar_C__00011IMG_00011_BURST20190913113948.jpg,00011,train
Red_Hairy_Catterpillar_C__00011IMG_00011_BURST20190913114142.jpg,00011,train
Red_Hairy_Catterpillar_C__00011IMG_00011_BURST20190913114622.jpg,00011,train
Red_Hairy_Catterpillar_C__00012IMG_00012_BURST20190913112954.jpg,00012,train
Red_Hairy_Catterpillar_C__00012IMG_00012_BURST20190913113132.jpg,00012,train
Red_Hairy_Catterpillar_C__00012IMG_00012_BURST20190913113303.jpg,00012,train
Red_Hairy_Catterpillar_C__00012IMG_00012_BURST20190913113633.jpg,00012,train
Red_Hairy_Catterpillar_C__00012IMG_00012_BURST20190913114142.jpg,00012,train
Red_Hairy_Catterpillar_C__00012IMG_00012_BURST20190913114402.jpg,00012,train
Red_Hairy_Catterpillar_C__00013IMG_00013_BURST20190913112954.jpg,00013,train
Red_Hairy_Catterpillar_C__00013IMG_00013_BURST20190913113132.jpg,00013,train
Red_Hairy_Catterpillar_C__00013IMG_00013_BURST20190913113303.jpg,00013,train
Red_Hairy_Catterpillar_C__00013IMG_00013_BURST20190913113633.jpg,00013,train
Red_Hairy_Catterpillar_C__00013IMG_00013_BURST20190913113803.jpg,00013,train
Red_Hairy_Catterpillar_C__00013IMG_00013_BURST20190913113948.jpg,00013,train
Red_Hairy_Catterpillar_C__00013IMG_00013_BURST20190913114142.jpg,00013,train
Red_Hairy_Catterpillar_C__00013IMG_00013_BURST20190913114402.jpg,00013,train
Red_Hairy_Catterpillar_C__00013IMG_00013_BURST20190913114622.jpg,00013,train
Red_Hairy_Catterpillar_C__00014IMG_00014_BURST20190913112954.jpg,00014,train
Red_Hairy_Catterpillar_C__00014IMG_00014_BURST20190913113132.jpg,00014,train
Red_Hairy_Catterpillar_C__00014IMG_00014_BURST20190913113303.jpg,00014,train
Red_Hairy_Catterpillar_C__00014IMG_00014_BURST20190913113444.jpg,00014,train
Red_Hairy_Catterpillar_C__00014IMG_00014_BURST20190913113803.jpg,00014,train
Red_Hairy_Catterpillar_C__00014IMG_00014_BURST20190913113948.jpg,00014,train
Red_Hairy_Catterpillar_C__00014IMG_00014_BURST20190913114142.jpg,00014,train
Red_Hairy_Catterpillar_C__00014IMG_00014_BURST20190913114402.jpg,00014,train
Red_Hairy_Catterpillar_C__00014IMG_00014_BURST20190913114622.jpg,00014,train
Red_Hairy_Catterpillar_C__00015IMG_00015_BURST20190913112954.jpg,00015,train
Red_Hairy_Catterpillar_C__00015IMG_00015_BURST20190913113132.jpg,00015,train
Red_Hairy_Catterpillar_C__00015IMG_00015_BURST20190913113303.jpg,00015,train
Red_Hairy_Catterpillar_C__00015IMG_00015_BURST20190913113633.jpg,00015,train
Red_Hairy_Catterpillar_C__00015IMG_00015_BURST20190913113803.jpg,00015,train
Red_Hairy_Catterpillar_C__00015IMG_00015_BURST20190913114402.jpg,00015,train
Red_Hairy_Catterpillar_C__00015IMG_00015_BURST20190913114622.jpg,00015,train
Red_Hairy_Catterpillar_C__00016IMG_00016_BURST20190913112954.jpg,00016,train
Red_Hairy_Catterpillar_C__00016IMG_00016_BURST20190913113633.jpg,00016,train
Red_Hairy_Catterpillar_C__00016IMG_00016_BURST20190913113803.jpg,00016,train
Red_Hairy_Catterpillar_C__00016IMG_00016_BURST20190913114142.jpg,00016,train
Red_Hairy_Catterpillar_C__00016IMG_00016_BURST20190913114402.jpg,00016,train
Red_Hairy_Catterpillar_C__00016IMG_00016_BURST20190913114622.jpg,00016,train
Red_Hairy_Catterpillar_C__00017IMG_00017_BURST20190913113132.jpg,00017,train
Red_Hairy_Catterpillar_C__00017IMG_00017_BURST20190913113444.jpg,00017,train
Red_Hairy_Catterpillar_C__00017IMG_00017_BURST20190913113803.jpg,00017,train
Red_Hairy_Catterpillar_C__00017IMG_00017_BURST20190913113948.jpg,00017,train
Red_Hairy_Catterpillar_C__00017IMG_00017_BURST20190913114142.jpg,00017,train
Red_Hairy_Catterpillar_C__00017IMG_00017_BURST20190913114402.jpg,00017,train
Red_Hairy_Catterpillar_C__00017IMG_00017_BURST20190913114622.jpg,00017,train
Red_Hairy_Catterpillar_C__00018IMG_00018_BURST20190913113132.jpg,00018,train
Red_Hairy_Catterpillar_C__00018IMG_00018_BURST20190913113303.jpg,00018,train
Red_Hairy_Catterpillar_C__00018IMG_00018_BURST20190913113633.jpg,00018,train
Red_Hairy_Catterpillar_C__00018IMG_00018_BURST20190913113803.jpg,00018,train
Red_Hairy_Catterpillar_C__00018IMG_00018_BURST20190913113948.jpg,00018,train
Red_Hairy_Catterpillar_C__00018IMG_00018_BURST20190913114402.jpg,00018,train
Red_Hairy_Catterpillar_C__00018IMG_00018_BURST20190913114622.jpg,00018,train
Red_Hairy_Catterpillar_C__00019IMG_00019_BURST20190913112954.jpg,00019,train
Red_Hairy_Catterpillar_C__00019IMG_00019_BURST20190913113132.jpg,00019,train
Red_Hairy_Catterpillar_C__00019IMG_00019_BURST20190913113303.jpg,00019,train
Red_Hairy_Catterpillar_C__00019IMG_00019_BURST20190913113444.jpg,00019,train
Red_Hairy_Catterpillar_C__00019IMG_00019_BURST20190913113948.jpg,00019,train
Red_Hairy_Catterpillar_C__00019IMG_00019_BURST20190913114402.jpg,00019,train
Red_Hairy_Catterpillar_C__00019IMG_00019_BURST20190913114622.jpg,00019,train
Red_Hairy_Catterpillar_C__00020IMG_00020_BURST20190913112954.jpg,00020,train
Red_Hairy_Catterpillar_C__00020IMG_00020_BURST20190913113132.jpg,00020,train
Red_Hairy_Catterpillar_C__00020IMG_00020_BURST20190913113303.jpg,00020,train
Red_Hairy_Catterpillar_C__00020IMG_00020_BURST20190913113444.jpg,00020,train
Red_Hairy_Catterpillar_C__00020IMG_00020_BURST20190913113633.jpg,00020,train
Red_Hairy_Catterpillar_C__00020IMG_00020_BURST20190913113803.jpg,00020,train
Red_Hairy_Catterpillar_C__00020IMG_00020_BURST20190913113948.jpg,00020,train
Red_Hairy_Catterpillar_C__00020IMG_00020_BURST20190913114142.jpg,00020,train
Red_Hairy_Catterpillar_C__00020IMG_00020_BURST20190913114402.jpg,00020,train
Red_Hairy_Catterpillar_C__00020IMG_00020_BURST20190913114622.jpg,00020,train
Red_Hairy_Catterpillar_C__00021IMG_00021_BURST20190913112954.jpg,00021,train
Red_Hairy_Catterpillar_C__00021IMG_00021_BURST20190913113132.jpg,00021,train
Red_Hairy_Catterpillar_C__00021IMG_00021_BURST20190913113303.jpg,00021,train
Red_Hairy_Catterpillar_C__00021IMG_00021_BURST20190913113444.jpg,00021,train
Red_Hairy_Catterpillar_C__00021IMG_00021_BURST20190913113633.jpg,00021,train
Red_Hairy_Catterpillar_C__00021IMG_00021_BURST20190913113803.jpg,00021,train
Red_Hairy_Catterpillar_C__00021IMG_00021_BURST20190913113948.jpg,00021,train
Red_Hairy_Catterpillar_C__00021IMG_00021_BURST20190913114402.jpg,00021,train
Red_Hairy_Catterpillar_C__00021IMG_00021_BURST20190913114622.jpg,00021,train
Red_Hairy_Catterpillar_C__00022IMG_00022_BURST20190913112954.jpg,00022,train
Red_Hairy_Catterpillar_C__00022IMG_00022_BURST20190913113132.jpg,00022,train
Red_Hairy_Catterpillar_C__00022IMG_00022_BURST20190913113633.jpg,00022,train
Red_Hairy_Catterpillar_C__00022IMG_00022_BURST20190913113803.jpg,00022,train
Red_Hairy_Catterpillar_C__00022IMG_00022_BURST20190913113948.jpg,00022,train
Red_Hairy_Catterpillar_C__00022IMG_00022_BURST20190913114142.jpg,00022,train
Red_Hairy_Catterpillar_C__00022IMG_00022_BURST20190913114402.jpg,00022,train
Red_Hairy_Catterpillar_C__00022IMG_00022_BURST20190913114622.jpg,00022,train
Red_Hairy_Catterpillar_C__00023IMG_00023_BURST20190913112954.jpg,00023,train
Red_Hairy_Catterpillar_C__00023IMG_00023_BURST20190913113132.jpg,00023,train
Red_Hairy_Catterpillar_C__00023IMG_00023_BURST20190913113444.jpg,00023,train
Red_Hairy_Catterpillar_C__00023IMG_00023_BURST20190913113633.jpg,00023,train
Red_Hairy_Catterpillar_C__00023IMG_00023_BURST20190913113803.jpg,00023,train
Red_Hairy_Catterpillar_C__00023IMG_00023_BURST20190913113948.jpg,00023,train
Red_Hairy_Catterpillar_C__00023IMG_00023_BURST20190913114142.jpg,00023,train
Red_Hairy_Catterpillar_C__00023IMG_00023_BURST20190913114402.jpg,00023,train
Red_Hairy_Catterpillar_C__00023IMG_00023_BURST20190913114622.jpg,00023,train
Red_Hairy_Catterpillar_C__00024IMG_00024_BURST20190913113132.jpg,00024,train
Red_Hairy_Catterpillar_C__00024IMG_00024_BURST20190913113633.jpg,00024,train
Red_Hairy_Catterpillar_C__00024IMG_00024_BURST20190913113948.jpg,00024,train
Red_Hairy_Catterpillar_C__00024IMG_00024_BURST20190913114142.jpg,00024,train
Red_Hairy_Catterpillar_C__00024IMG_00024_BURST20190913114402.jpg,00024,train
Red_Hairy_Catterpillar_C__00024IMG_00024_BURST20190913114622.jpg,00024,train
Red_Hairy_Catterpillar_C__00025IMG_00025_BURST20190913113132.jpg,00025,train
Red_Hairy_Catterpillar_C__00025IMG_00025_BURST20190913113633.jpg,00025,train
Red_Hairy_Catterpillar_C__00025IMG_00025_BURST20190913113803.jpg,00025,train
Red_Hairy_Catterpillar_C__00025IMG_00025_BURST20190913113948.jpg,00025,train
Red_Hairy_Catterpillar_C__00025IMG_00025_BURST20190913114142.jpg,00025,train
Red_Hairy_Catterpillar_C__00025IMG_00025_BURST20190913114402.jpg,00025,train
Red_Hairy_Catterpillar_C__00026IMG_00026_BURST20190913113132.jpg,00026,train
Red_Hairy_Catterpillar_C__00026IMG_00026_BURST20190913113303.jpg,00026,train
Red_Hairy_Catterpillar_C__00026IMG_00026_BURST20190913113444.jpg,00026,train
Red_Hairy_Catterpillar_C__00026IMG_00026_BURST20190913113633.jpg,00026,train
Red_Hairy_Catterpillar_C__00026IMG_00026_BURST20190913113803.jpg,00026,train
Red_Hairy_Catterpillar_C__00026IMG_00026_BURST20190913114402.jpg,00026,train
Red_Hairy_Catterpillar_C__00026IMG_00026_BURST20190913114622.jpg,00026,train
Red_Hairy_Catterpillar_C__00027IMG_00027_BURST20190913112954.jpg,00027,train
Red_Hairy_Catterpillar_C__00027IMG_00027_BURST20190913113132.jpg,00027,train
Red_Hairy_Catterpillar_C__00027IMG_00027_BURST20190913113303.jpg,00027,train
Red_Hairy_Catterpillar_C__00027IMG_00027_BURST20190913113444.jpg,00027,train
Red_Hairy_Catterpillar_C__00027IMG_00027_BURST20190913113633.jpg,00027,train
Red_Hairy_Catterpillar_C__00027IMG_00027_BURST20190913113803.jpg,00027,train
Red_Hairy_Catterpillar_C__00027IMG_00027_BURST20190913113948.jpg,00027,train
Red_Hairy_Catterpillar_C__00027IMG_00027_BURST20190913114142.jpg,00027,train
Red_Hairy_Catterpillar_C__00027IMG_00027_BURST20190913114622.jpg,00027,train
Red_Hairy_Catterpillar_C__00028IMG_00028_BURST20190913112954.jpg,00028,train
Red_Hairy_Catterpillar_C__00028IMG_00028_BURST20190913113132.jpg,00028,train
Red_Hairy_Catterpillar_C__00028IMG_00028_BURST20190913113303.jpg,00028,train
Red_Hairy_Catterpillar_C__00028IMG_00028_BURST20190913113444.jpg,00028,train
Red_Hairy_Catterpillar_C__00028IMG_00028_BURST20190913113803.jpg,00028,train
Red_Hairy_Catterpillar_C__00028IMG_00028_BURST20190913113948.jpg,00028,train
Red_Hairy_Catterpillar_C__00028IMG_00028_BURST20190913114142.jpg,00028,train
Red_Hairy_Catterpillar_C__00028IMG_00028_BURST20190913114402.jpg,00028,train
Red_Hairy_Catterpillar_C__00029IMG_00029_BURST20190913112954.jpg,00029,train
Red_Hairy_Catterpillar_C__00029IMG_00029_BURST20190913113132.jpg,00029,train
Red_Hairy_Catterpillar_C__00029IMG_00029_BURST20190913113444.jpg,00029,train
Red_Hairy_Catterpillar_C__00029IMG_00029_BURST20190913113803.jpg,00029,train
Red_Hairy_Catterpillar_C__00029IMG_00029_BURST20190913113948.jpg,00029,train
Red_Hairy_Catterpillar_C__00029IMG_00029_BURST20190913114142.jpg,00029,train
Red_Hairy_Catterpillar_C__00029IMG_00029_BURST20190913114622.jpg,00029,train
Red_Hairy_Catterpillar_C__00030IMG_00030_BURST20190913112954.jpg,00030,train
Red_Hairy_Catterpillar_C__00030IMG_00030_BURST20190913113132.jpg,00030,train
Red_Hairy_Catterpillar_C__00030IMG_00030_BURST20190913113444.jpg,00030,train
Red_Hairy_Catterpillar_C__00030IMG_00030_BURST20190913113633.jpg,00030,train
Red_Hairy_Catterpillar_C__00030IMG_00030_BURST20190913113803.jpg,00030,train
Red_Hairy_Catterpillar_C__00030IMG_00030_BURST20190913113948.jpg,00030,train
Red_Hairy_Catterpillar_C__00030IMG_00030_BURST20190913114142.jpg,00030,train
Red_Hairy_Catterpillar_C__00030IMG_00030_BURST20190913114622.jpg,00030,train
Red_Hairy_Catterpillar_C__00031IMG_00031_BURST20190913113132.jpg,00031,train
Red_Hairy_Catterpillar_C__00031IMG_00031_BURST20190913113303.jpg,00031,train
Red_Hairy_Catterpillar_C__00031IMG_00031_BURST20190913113803.jpg,00031,train
Red_Hairy_Catterpillar_C__00031IMG_00031_BURST20190913113948.jpg,00031,train
Red_Hairy_Catterpillar_C__00031IMG_00031_BURST20190913114142.jpg,00031,train
Red_Hairy_Catterpillar_C__00031IMG_00031_BURST20190913114402.jpg,00031,train
Red_Hairy_Catterpillar_C__00031IMG_00031_BURST20190913114622.jpg,00031,train
Red_Hairy_Catterpillar_C__00032IMG_00032_BURST20190913112954.jpg,00032,train
Red_Hairy_Catterpillar_C__00032IMG_00032_BURST20190913113303.jpg,00032,train
Red_Hairy_Catterpillar_C__00032IMG_00032_BURST20190913113444.jpg,00032,train
Red_Hairy_Catterpillar_C__00032IMG_00032_BURST20190913113633.jpg,00032,train
Red_Hairy_Catterpillar_C__00032IMG_00032_BURST20190913113803.jpg,00032,train
Red_Hairy_Catterpillar_C__00032IMG_00032_BURST20190913113948.jpg,00032,train
Red_Hairy_Catterpillar_C__00032IMG_00032_BURST20190913114142.jpg,00032,train
Red_Hairy_Catterpillar_C__00032IMG_00032_BURST20190913114402.jpg,00032,train
Red_Hairy_Catterpillar_C__00032IMG_00032_BURST20190913114622.jpg,00032,train
Red_Hairy_Catterpillar_C__00033IMG_00033_BURST20190913112954.jpg,00033,train
Red_Hairy_Catterpillar_C__00033IMG_00033_BURST20190913113132.jpg,00033,train
Red_Hairy_Catterpillar_C__00033IMG_00033_BURST20190913113303.jpg,00033,train
Red_Hairy_Catterpillar_C__00033IMG_00033_BURST20190913113444.jpg,00033,train
Red_Hairy_Catterpillar_C__00033IMG_00033_BURST20190913113803.jpg,00033,train
Red_Hairy_Catterpillar_C__00033IMG_00033_BURST20190913113948.jpg,00033,train
Red_Hairy_Catterpillar_C__00033IMG_00033_BURST20190913114142.jpg,00033,train
Red_Hairy_Catterpillar_C__00033IMG_00033_BURST20190913114402.jpg,00033,train
Red_Hairy_Catterpillar_C__00034IMG_00034_BURST20190913113132.jpg,00034,train
Red_Hairy_Catterpillar_C__00034IMG_00034_BURST20190913113303.jpg,00034,train
Red_Hairy_Catterpillar_C__00034IMG_00034_BURST20190913113444.jpg,00034,train
Red_Hairy_Catterpillar_C__00034IMG_00034_BURST20190913113633.jpg,00034,train
Red_Hairy_Catterpillar_C__00034IMG_00034_BURST20190913113948.jpg,00034,train
Red_Hairy_Catterpillar_C__00034IMG_00034_BURST20190913114622.jpg,00034,train
Red_Hairy_Catterpillar_C__00035IMG_00035_BURST20190913112954.jpg,00035,train
Red_Hairy_Catterpillar_C__00035IMG_00035_BURST20190913113132.jpg,00035,train
Red_Hairy_Catterpillar_C__00035IMG_00035_BURST20190913113303.jpg,00035,train
Red_Hairy_Catterpillar_C__00035IMG_00035_BURST20190913113444.jpg,00035,train
Red_Hairy_Catterpillar_C__00035IMG_00035_BURST20190913113948.jpg,00035,train
Red_Hairy_Catterpillar_C__00035IMG_00035_BURST20190913114142.jpg,00035,train
Red_Hairy_Catterpillar_C__00035IMG_00035_BURST20190913114402.jpg,00035,train
Red_Hairy_Catterpillar_C__00035IMG_00035_BURST20190913114622.jpg,00035,train
Red_Hairy_Catterpillar_C__00036IMG_00036_BURST20190913113132.jpg,00036,train
Red_Hairy_Catterpillar_C__00036IMG_00036_BURST20190913113303.jpg,00036,train
Red_Hairy_Catterpillar_C__00036IMG_00036_BURST20190913113444.jpg,00036,train
Red_Hairy_Catterpillar_C__00036IMG_00036_BURST20190913113633.jpg,00036,train
Red_Hairy_Catterpillar_C__00036IMG_00036_BURST20190913113803.jpg,00036,train
Red_Hairy_Catterpillar_C__00036IMG_00036_BURST20190913113948.jpg,00036,train
Red_Hairy_Catterpillar_C__00036IMG_00036_BURST20190913114402.jpg,00036,train
Red_Hairy_Catterpillar_C__00037IMG_00037_BURST20190913112954.jpg,00037,train
Red_Hairy_Catterpillar_C__00037IMG_00037_BURST20190913113132.jpg,00037,train
Red_Hairy_Catterpillar_C__00037IMG_00037_BURST20190913113444.jpg,00037,train
Red_Hairy_Catterpillar_C__00037IMG_00037_BURST20190913113633.jpg,00037,train
Red_Hairy_Catterpillar_C__00037IMG_00037_BURST20190913113948.jpg,00037,train
Red_Hairy_Catterpillar_C__00037IMG_00037_BURST20190913114622.jpg,00037,train
Red_Hairy_Catterpillar_C__00038IMG_00038_BURST20190913113444.jpg,00038,train
Red_Hairy_Catterpillar_C__00038IMG_00038_BURST20190913113948.jpg,00038,train
Red_Hairy_Catterpillar_C__00038IMG_00038_BURST20190913114402.jpg,00038,train
Red_Hairy_Catterpillar_C__00038IMG_00038_BURST20190913114622.jpg,00038,train
Red_Hairy_Catterpillar_C__00039IMG_00039_BURST20190913112954.jpg,00039,train
Red_Hairy_Catterpillar_C__00039IMG_00039_BURST20190913113132.jpg,00039,train
Red_Hairy_Catterpillar_C__00039IMG_00039_BURST20190913113303.jpg,00039,train
Red_Hairy_Catterpillar_C__00039IMG_00039_BURST20190913113633.jpg,00039,train
Red_Hairy_Catterpillar_C__00039IMG_00039_BURST20190913113948.jpg,00039,train
Red_Hairy_Catterpillar_C__00039IMG_00039_BURST20190913114142.jpg,00039,train
Red_Hairy_Catterpillar_C__00039IMG_00039_BURST20190913114622.jpg,00039,train
Red_Hairy_Catterpillar_C__00040IMG_00040_BURST20190913112954.jpg,00040,train
Red_Hairy_Catterpillar_C__00040IMG_00040_BURST20190913113132.jpg,00040,train
Red_Hairy_Catterpillar_C__00040IMG_00040_BURST20190913113303.jpg,00040,train
Red_Hairy_Catterpillar_C__00040IMG_00040_BURST20190913113633.jpg,00040,train
Red_Hairy_Catterpillar_C__00040IMG_00040_BURST20190913114402.jpg,00040,train
Red_Hairy_Catterpillar_C__00041IMG_00041_BURST20190913112954.jpg,00041,train
Red_Hairy_Catterpillar_C__00041IMG_00041_BURST20190913113132.jpg,00041,train
Red_Hairy_Catterpillar_C__00041IMG_00041_BURST20190913113303.jpg,00041,train
Red_Hairy_Catterpillar_C__00041IMG_00041_BURST20190913113444.jpg,00041,train
Red_Hairy_Catterpillar_C__00041IMG_00041_BURST20190913113633.jpg,00041,train
Red_Hairy_Catterpillar_C__00041IMG_00041_BURST20190913113803.jpg,00041,train
Red_Hairy_Catterpillar_C__00041IMG_00041_BURST20190913113948.jpg,00041,train
Red_Hairy_Catterpillar_C__00041IMG_00041_BURST20190913114402.jpg,00041,train
Red_Hairy_Catterpillar_C__00041IMG_00041_BURST20190913114622.jpg,00041,train
Red_Hairy_Catterpillar_C__00042IMG_00042_BURST20190913112954.jpg,00042,train
Red_Hairy_Catterpillar_C__00042IMG_00042_BURST20190913113132.jpg,00042,train
Red_Hairy_Catterpillar_C__00042IMG_00042_BURST20190913113303.jpg,00042,train
Red_Hairy_Catterpillar_C__00042IMG_00042_BURST20190913113444.jpg,00042,train
Red_Hairy_Catterpillar_C__00042IMG_00042_BURST20190913113803.jpg,00042,train
Red_Hairy_Catterpillar_C__00042IMG_00042_BURST20190913113948.jpg,00042,train
Red_Hairy_Catterpillar_C__00042IMG_00042_BURST20190913114402.jpg,00042,train
Red_Hairy_Catterpillar_C__00042IMG_00042_BURST20190913114622.jpg,00042,train
Red_Hairy_Catterpillar_C__00043IMG_00043_BURST20190913112954.jpg,00043,train
Red_Hairy_Catterpillar_C__00043IMG_00043_BURST20190913113132.jpg,00043,train
Red_Hairy_Catterpillar_C__00043IMG_00043_BURST20190913113803.jpg,00043,train
Red_Hairy_Catterpillar_C__00043IMG_00043_BURST20190913114142.jpg,00043,train
Red_Hairy_Catterpillar_C__00043IMG_00043_BURST20190913114402.jpg,00043,train
Red_Hairy_Catterpillar_C__00044IMG_00044_BURST20190913113303.jpg,00044,train
Red_Hairy_Catterpillar_C__00044IMG_00044_BURST20190913113803.jpg,00044,train
Red_Hairy_Catterpillar_C__00044IMG_00044_BURST20190913113948.jpg,00044,train
Red_Hairy_Catterpillar_C__00044IMG_00044_BURST20190913114402.jpg,00044,train
Red_Hairy_Catterpillar_C__00045IMG_00045_BURST20190913112954.jpg,00045,train
Red_Hairy_Catterpillar_C__00045IMG_00045_BURST20190913113132.jpg,00045,train
Red_Hairy_Catterpillar_C__00045IMG_00045_BURST20190913113303.jpg,00045,train
Red_Hairy_Catterpillar_C__00045IMG_00045_BURST20190913113444.jpg,00045,train
Red_Hairy_Catterpillar_C__00045IMG_00045_BURST20190913113803.jpg,00045,train
Red_Hairy_Catterpillar_C__00045IMG_00045_BURST20190913114142.jpg,00045,train
Red_Hairy_Catterpillar_C__00045IMG_00045_BURST20190913114622.jpg,00045,train
Red_Hairy_Catterpillar_C__00046IMG_00046_BURST20190913112954.jpg,00046,train
Red_Hairy_Catterpillar_C__00046IMG_00046_BURST20190913113132.jpg,00046,train
Red_Hairy_Catterpillar_C__00046IMG_00046_BURST20190913113444.jpg,00046,train
Red_Hairy_Catterpillar_C__00046IMG_00046_BURST20190913113633.jpg,00046,train
Red_Hairy_Catterpillar_C__00046IMG_00046_BURST20190913113803.jpg,00046,train
Red_Hairy_Catterpillar_C__00046IMG_00046_BURST20190913114142.jpg,00046,train
Red_Hairy_Catterpillar_C__00046IMG_00046_BURST20190913114402.jpg,00046,train
Red_Hairy_Catterpillar_C__00046IMG_00046_BURST20190913114622.jpg,00046,train
Red_Hairy_Catterpillar_C__00047IMG_00047_BURST20190913113444.jpg,00047,train
Red_Hairy_Catterpillar_C__00047IMG_00047_BURST20190913113633.jpg,00047,train
Red_Hairy_Catterpillar_C__00047IMG_00047_BURST20190913113803.jpg,00047,train
Red_Hairy_Catterpillar_C__00047IMG_00047_BURST20190913113948.jpg,00047,train
Red_Hairy_Catterpillar_C__00047IMG_00047_BURST20190913114142.jpg,00047,train
Red_Hairy_Catterpillar_C__00048IMG_00048_BURST20190913112954.jpg,00048,train
Red_Hairy_Catterpillar_C__00048IMG_00048_BURST20190913113132.jpg,00048,train
Red_Hairy_Catterpillar_C__00048IMG_00048_BURST20190913113303.jpg,00048,train
Red_Hairy_Catterpillar_C__00048IMG_00048_BURST20190913113803.jpg,00048,train
Red_Hairy_Catterpillar_C__00048IMG_00048_BURST20190913113948.jpg,00048,train
Red_Hairy_Catterpillar_C__00048IMG_00048_BURST20190913114142.jpg,00048,train
Red_Hairy_Catterpillar_C__00048IMG_00048_BURST20190913114622.jpg,00048,train
Red_Hairy_Catterpillar_C__00049IMG_00049_BURST20190913112954.jpg,00049,train
Red_Hairy_Catterpillar_C__00049IMG_00049_BURST20190913113303.jpg,00049,train
Red_Hairy_Catterpillar_C__00049IMG_00049_BURST20190913113444.jpg,00049,train
Red_Hairy_Catterpillar_C__00049IMG_00049_BURST20190913113633.jpg,00049,train
Red_Hairy_Catterpillar_C__00049IMG_00049_BURST20190913113803.jpg,00049,train
Red_Hairy_Catterpillar_C__00049IMG_00049_BURST20190913114142.jpg,00049,train
Red_Hairy_Catterpillar_C__00049IMG_00049_BURST20190913114402.jpg,00049,train
Red_Hairy_Catterpillar_C__00049IMG_00049_BURST20190913114622.jpg,00049,train
Red_Hairy_Catterpillar_C__00050IMG_00050_BURST20190913112954.jpg,00050,train
Red_Hairy_Catterpillar_C__00050IMG_00050_BURST20190913113132.jpg,00050,train
Red_Hairy_Catterpillar_C__00050IMG_00050_BURST20190913113444.jpg,00050,train
Red_Hairy_Catterpillar_C__00050IMG_00050_BURST20190913113803.jpg,00050,train
Red_Hairy_Catterpillar_C__00050IMG_00050_BURST20190913114402.jpg,00050,train
Red_Hairy_Catterpillar_C__00050IMG_00050_BURST20190913114622.jpg,00050,train
Red_Hairy_Catterpillar_C__00051IMG_00051_BURST20190913112954.jpg,00051,train
Red_Hairy_Catterpillar_C__00051IMG_00051_BURST20190913113303.jpg,00051,train
Red_Hairy_Catterpillar_C__00051IMG_00051_BURST20190913113444.jpg,00051,train
Red_Hairy_Catterpillar_C__00051IMG_00051_BURST20190913113633.jpg,00051,train
Red_Hairy_Catterpillar_C__00051IMG_00051_BURST20190913113803.jpg,00051,train
Red_Hairy_Catterpillar_C__00051IMG_00051_BURST20190913113948.jpg,00051,train
Red_Hairy_Catterpillar_C__00051IMG_00051_BURST20190913114142.jpg,00051,train
Red_Hairy_Catterpillar_C__00051IMG_00051_BURST20190913114402.jpg,00051,train
Red_Hairy_Catterpillar_C__00051IMG_00051_BURST20190913114622.jpg,00051,train
Red_Hairy_Catterpillar_C__00052IMG_00052_BURST20190913112954.jpg,00052,train
Red_Hairy_Catterpillar_C__00052IMG_00052_BURST20190913113132.jpg,00052,train
Red_Hairy_Catterpillar_C__00052IMG_00052_BURST20190913113303.jpg,00052,train
Red_Hairy_Catterpillar_C__00052IMG_00052_BURST20190913113444.jpg,00052,train
Red_Hairy_Catterpillar_C__00052IMG_00052_BURST20190913113803.jpg,00052,train
Red_Hairy_Catterpillar_C__00052IMG_00052_BURST20190913113948.jpg,00052,train
Red_Hairy_Catterpillar_C__00052IMG_00052_BURST20190913114142.jpg,00052,train
Red_Hairy_Catterpillar_C__00052IMG_00052_BURST20190913114402.jpg,00052,train
Red_Hairy_Catterpillar_C__00053IMG_00053_BURST20190913113303.jpg,00053,train
Red_Hairy_Catterpillar_C__00053IMG_00053_BURST20190913113803.jpg,00053,train
Red_Hairy_Catterpillar_C__00053IMG_00053_BURST20190913114402.jpg,00053,train
Red_Hairy_Catterpillar_C__00053IMG_00053_BURST20190913114622.jpg,00053,train
Red_Hairy_Catterpillar_C__00054IMG_00054_BURST20190913112954.jpg,00054,train
Red_Hairy_Catterpillar_C__00054IMG_00054_BURST20190913113132.jpg,00054,train
Red_Hairy_Catterpillar_C__00054IMG_00054_BURST20190913113303.jpg,00054,train
Red_Hairy_Catterpillar_C__00054IMG_00054_BURST20190913113948.jpg,00054,train
Red_Hairy_Catterpillar_C__00054IMG_00054_BURST20190913114142.jpg,00054,train
Red_Hairy_Catterpillar_C__00054IMG_00054_BURST20190913114622.jpg,00054,train
Red_Hairy_Catterpillar_C__00055IMG_00055_BURST20190913112954.jpg,00055,train
Red_Hairy_Catterpillar_C__00055IMG_00055_BURST20190913113303.jpg,00055,train
Red_Hairy_Catterpillar_C__00055IMG_00055_BURST20190913113444.jpg,00055,train
Red_Hairy_Catterpillar_C__00055IMG_00055_BURST20190913113633.jpg,00055,train
Red_Hairy_Catterpillar_C__00055IMG_00055_BURST20190913113948.jpg,00055,train
Red_Hairy_Catterpillar_C__00055IMG_00055_BURST20190913114142.jpg,00055,train
Red_Hairy_Catterpillar_C__00055IMG_00055_BURST20190913114622.jpg,00055,train
Red_Hairy_Catterpillar_C__00056IMG_00056_BURST20190913112954.jpg,00056,train
Red_Hairy_Catterpillar_C__00056IMG_00056_BURST20190913113132.jpg,00056,train
Red_Hairy_Catterpillar_C__00056IMG_00056_BURST20190913113303.jpg,00056,train
Red_Hairy_Catterpillar_C__00056IMG_00056_BURST20190913113633.jpg,00056,train
Red_Hairy_Catterpillar_C__00056IMG_00056_BURST20190913113948.jpg,00056,train
Red_Hairy_Catterpillar_C__00056IMG_00056_BURST20190913114402.jpg,00056,train
Red_Hairy_Catterpillar_C__00056IMG_00056_BURST20190913114622.jpg,00056,train
Red_Hairy_Catterpillar_C__00057IMG_00057_BURST20190913113132.jpg,00057,train
Red_Hairy_Catterpillar_C__00057IMG_00057_BURST20190913113303.jpg,00057,train
Red_Hairy_Catterpillar_C__00057IMG_00057_BURST20190913113444.jpg,00057,train
Red_Hairy_Catterpillar_C__00057IMG_00057_BURST20190913113633.jpg,00057,train
Red_Hairy_Catterpillar_C__00057IMG_00057_BURST20190913113803.jpg,00057,train
Red_Hairy_Catterpillar_C__00057IMG_00057_BURST20190913113948.jpg,00057,train
Red_Hairy_Catterpillar_C__00057IMG_00057_BURST20190913114402.jpg,00057,train
Red_Hairy_Catterpillar_C__00057IMG_00057_BURST20190913114622.jpg,00057,train
Red_Hairy_Catterpillar_C__00058IMG_00058_BURST20190913112954.jpg,00058,train
Red_Hairy_Catterpillar_C__00058IMG_00058_BURST20190913113132.jpg,00058,train
Red_Hairy_Catterpillar_C__00058IMG_00058_BURST20190913113633.jpg,00058,train
Red_Hairy_Catterpillar_C__00058IMG_00058_BURST20190913113803.jpg,00058,train
Red_Hairy_Catterpillar_C__00058IMG_00058_BURST20190913114622.jpg,00058,train
Red_Hairy_Catterpillar_C__00059IMG_00059_BURST20190913112954.jpg,00059,train
Red_Hairy_Catterpillar_C__00059IMG_00059_BURST20190913113303.jpg,00059,train
Red_Hairy_Catterpillar_C__00059IMG_00059_BURST20190913113444.jpg,00059,train
Red_Hairy_Catterpillar_C__00059IMG_00059_BURST20190913113633.jpg,00059,train
Red_Hairy_Catterpillar_C__00059IMG_00059_BURST20190913113803.jpg,00059,train
Red_Hairy_Catterpillar_C__00059IMG_00059_BURST20190913113948.jpg,00059,train
Red_Hairy_Catterpillar_C__00060IMG_00060_BURST20190913112954.jpg,00060,train
Red_Hairy_Catterpillar_C__00060IMG_00060_BURST20190913113132.jpg,00060,train
Red_Hairy_Catterpillar_C__00060IMG_00060_BURST20190913113303.jpg,00060,train
Red_Hairy_Catterpillar_C__00060IMG_00060_BURST20190913113444.jpg,00060,train
Red_Hairy_Catterpillar_C__00060IMG_00060_BURST20190913113633.jpg,00060,train
Red_Hairy_Catterpillar_C__00060IMG_00060_BURST20190913113948.jpg,00060,train
Red_Hairy_Catterpillar_C__00060IMG_00060_BURST20190913114142.jpg,00060,train
Red_Hairy_Catterpillar_C__00060IMG_00060_BURST20190913114622.jpg,00060,train
Red_Hairy_Catterpillar_C__00061IMG_00061_BURST20190913113303.jpg,00061,train
Red_Hairy_Catterpillar_C__00061IMG_00061_BURST20190913114402.jpg,00061,train
Red_Hairy_Catterpillar_C__00061IMG_00061_BURST20190913114622.jpg,00061,train
Red_Hairy_Catterpillar_C__00062IMG_00062_BURST20190913112954.jpg,00062,train
Red_Hairy_Catterpillar_C__00062IMG_00062_BURST20190913113132.jpg,00062,train
Red_Hairy_Catterpillar_C__00062IMG_00062_BURST20190913113444.jpg,00062,train
Red_Hairy_Catterpillar_C__00062IMG_00062_BURST20190913113633.jpg,00062,train
Red_Hairy_Catterpillar_C__00062IMG_00062_BURST20190913113803.jpg,00062,train
Red_Hairy_Catterpillar_C__00062IMG_00062_BURST20190913114142.jpg,00062,train
Red_Hairy_Catterpillar_C__00062IMG_00062_BURST20190913114402.jpg,00062,train
Red_Hairy_Catterpillar_C__00062IMG_00062_BURST20190913114622.jpg,00062,train
Red_Hairy_Catterpillar_C__00063IMG_00063_BURST20190913112954.jpg,00063,train
Red_Hairy_Catterpillar_C__00063IMG_00063_BURST20190913113132.jpg,00063,train
Red_Hairy_Catterpillar_C__00063IMG_00063_BURST20190913113444.jpg,00063,train
Red_Hairy_Catterpillar_C__00063IMG_00063_BURST20190913113633.jpg,00063,train
Red_Hairy_Catterpillar_C__00063IMG_00063_BURST20190913113803.jpg,00063,train
Red_Hairy_Catterpillar_C__00063IMG_00063_BURST20190913113948.jpg,00063,train
Red_Hairy_Catterpillar_C__00063IMG_00063_BURST20190913114142.jpg,00063,train
Red_Hairy_Catterpillar_C__00063IMG_00063_BURST20190913114622.jpg,00063,train
Red_Hairy_Catterpillar_C__00064IMG_00064_BURST20190913112954.jpg,00064,train
Red_Hairy_Catterpillar_C__00064IMG_00064_BURST20190913113132.jpg,00064,train
Red_Hairy_Catterpillar_C__00064IMG_00064_BURST20190913113303.jpg,00064,train
Red_Hairy_Catterpillar_C__00064IMG_00064_BURST20190913113633.jpg,00064,train
Red_Hairy_Catterpillar_C__00064IMG_00064_BURST20190913113948.jpg,00064,train
Red_Hairy_Catterpillar_C__00064IMG_00064_BURST20190913114142.jpg,00064,train
Red_Hairy_Catterpillar_C__00064IMG_00064_BURST20190913114402.jpg,00064,train
Red_Hairy_Catterpillar_C__00064IMG_00064_BURST20190913114622.jpg,00064,train
Red_Hairy_Catterpillar_C__00065IMG_00065_BURST20190913113132.jpg,00065,train
Red_Hairy_Catterpillar_C__00065IMG_00065_BURST20190913113303.jpg,00065,train
Red_Hairy_Catterpillar_C__00065IMG_00065_BURST20190913113444.jpg,00065,train
Red_Hairy_Catterpillar_C__00065IMG_00065_BURST20190913113803.jpg,00065,train
Red_Hairy_Catterpillar_C__00065IMG_00065_BURST20190913114402.jpg,00065,train
Red_Hairy_Catterpillar_C__00065IMG_00065_BURST20190913114622.jpg,00065,train
Red_Hairy_Catterpillar_C__00066IMG_00066_BURST20190913113132.jpg,00066,train
Red_Hairy_Catterpillar_C__00066IMG_00066_BURST20190913113303.jpg,00066,train
Red_Hairy_Catterpillar_C__00066IMG_00066_BURST20190913113444.jpg,00066,train
Red_Hairy_Catterpillar_C__00066IMG_00066_BURST20190913113633.jpg,00066,train
Red_Hairy_Catterpillar_C__00066IMG_00066_BURST20190913113803.jpg,00066,train
Red_Hairy_Catterpillar_C__00066IMG_00066_BURST20190913113948.jpg,00066,train
Red_Hairy_Catterpillar_C__00066IMG_00066_BURST20190913114622.jpg,00066,train
Red_Hairy_Catterpillar_C__00067IMG_00067_BURST20190913113132.jpg,00067,train
Red_Hairy_Catterpillar_C__00067IMG_00067_BURST20190913113444.jpg,00067,train
Red_Hairy_Catterpillar_C__00067IMG_00067_BURST20190913113633.jpg,00067,train
Red_Hairy_Catterpillar_C__00067IMG_00067_BURST20190913113803.jpg,00067,train
Red_Hairy_Catterpillar_C__00067IMG_00067_BURST20190913114142.jpg,00067,train
Red_Hairy_Catterpillar_C__00067IMG_00067_BURST20190913114622.jpg,00067,train
Red_Hairy_Catterpillar_C__00068IMG_00068_BURST20190913112954.jpg,00068,train
Red_Hairy_Catterpillar_C__00068IMG_00068_BURST20190913113132.jpg,00068,train
Red_Hairy_Catterpillar_C__00068IMG_00068_BURST20190913113444.jpg,00068,train
Red_Hairy_Catterpillar_C__00068IMG_00068_BURST20190913113633.jpg,00068,train
Red_Hairy_Catterpillar_C__00068IMG_00068_BURST20190913113803.jpg,00068,train
Red_Hairy_Catterpillar_C__00068IMG_00068_BURST20190913113948.jpg,00068,train
Red_Hairy_Catterpillar_C__00068IMG_00068_BURST20190913114142.jpg,00068,train
Red_Hairy_Catterpillar_C__00068IMG_00068_BURST20190913114402.jpg,00068,train
Red_Hairy_Catterpillar_C__00068IMG_00068_BURST20190913114622.jpg,00068,train
Red_Hairy_Catterpillar_C__00069IMG_00069_BURST20190913112954.jpg,00069,train
Red_Hairy_Catterpillar_C__00069IMG_00069_BURST20190913113132.jpg,00069,train
Red_Hairy_Catterpillar_C__00069IMG_00069_BURST20190913113303.jpg,00069,train
Red_Hairy_Catterpillar_C__00069IMG_00069_BURST20190913113444.jpg,00069,train
Red_Hairy_Catterpillar_C__00069IMG_00069_BURST20190913113948.jpg,00069,train
Red_Hairy_Catterpillar_C__00069IMG_00069_BURST20190913114142.jpg,00069,train
Red_Hairy_Catterpillar_C__00069IMG_00069_BURST20190913114402.jpg,00069,train
Red_Hairy_Catterpillar_C__00069IMG_00069_BURST20190913114622.jpg,00069,train
Red_Hairy_Catterpillar_C__00070IMG_00070_BURST20190913112954.jpg,00070,train
Red_Hairy_Catterpillar_C__00070IMG_00070_BURST20190913113132.jpg,00070,train
Red_Hairy_Catterpillar_C__00070IMG_00070_BURST20190913113303.jpg,00070,train
Red_Hairy_Catterpillar_C__00070IMG_00070_BURST20190913113444.jpg,00070,train
Red_Hairy_Catterpillar_C__00070IMG_00070_BURST20190913113633.jpg,00070,train
Red_Hairy_Catterpillar_C__00070IMG_00070_BURST20190913113803.jpg,00070,train
Red_Hairy_Catterpillar_C__00070IMG_00070_BURST20190913114142.jpg,00070,train
Red_Hairy_Catterpillar_C__00070IMG_00070_BURST20190913114402.jpg,00070,train
Red_Hairy_Catterpillar_C__00071IMG_00071_BURST20190913113132.jpg,00071,train
Red_Hairy_Catterpillar_C__00071IMG_00071_BURST20190913113303.jpg,00071,train
Red_Hairy_Catterpillar_C__00071IMG_00071_BURST20190913113444.jpg,00071,train
Red_Hairy_Catterpillar_C__00071IMG_00071_BURST20190913113633.jpg,00071,train
Red_Hairy_Catterpillar_C__00071IMG_00071_BURST20190913113803.jpg,00071,train
Red_Hairy_Catterpillar_C__00071IMG_00071_BURST20190913114622.jpg,00071,train
Red_Hairy_Catterpillar_C__00072IMG_00072_BURST20190913112954.jpg,00072,train
Red_Hairy_Catterpillar_C__00072IMG_00072_BURST20190913113132.jpg,00072,train
Red_Hairy_Catterpillar_C__00072IMG_00072_BURST20190913113444.jpg,00072,train
Red_Hairy_Catterpillar_C__00072IMG_00072_BURST20190913113633.jpg,00072,train
Red_Hairy_Catterpillar_C__00072IMG_00072_BURST20190913113803.jpg,00072,train
Red_Hairy_Catterpillar_C__00072IMG_00072_BURST20190913114142.jpg,00072,train
Red_Hairy_Catterpillar_C__00072IMG_00072_BURST20190913114402.jpg,00072,train
Red_Hairy_Catterpillar_C__00072IMG_00072_BURST20190913114622.jpg,00072,train
Red_Hairy_Catterpillar_C__00073IMG_00073_BURST20190913112954.jpg,00073,train
Red_Hairy_Catterpillar_C__00073IMG_00073_BURST20190913113132.jpg,00073,train
Red_Hairy_Catterpillar_C__00073IMG_00073_BURST20190913113303.jpg,00073,train
Red_Hairy_Catterpillar_C__00073IMG_00073_BURST20190913113444.jpg,00073,train
Red_Hairy_Catterpillar_C__00073IMG_00073_BURST20190913114142.jpg,00073,train
Red_Hairy_Catterpillar_C__00073IMG_00073_BURST20190913114402.jpg,00073,train
Red_Hairy_Catterpillar_C__00073IMG_00073_BURST20190913114622.jpg,00073,train
Red_Hairy_Catterpillar_C__00074IMG_00074_BURST20190913112954.jpg,00074,train
Red_Hairy_Catterpillar_C__00074IMG_00074_BURST20190913113303.jpg,00074,train
Red_Hairy_Catterpillar_C__00074IMG_00074_BURST20190913113803.jpg,00074,train
Red_Hairy_Catterpillar_C__00074IMG_00074_BURST20190913113948.jpg,00074,train
Red_Hairy_Catterpillar_C__00074IMG_00074_BURST20190913114142.jpg,00074,train
Red_Hairy_Catterpillar_C__00074IMG_00074_BURST20190913114622.jpg,00074,train
Red_Hairy_Catterpillar_C__00075IMG_00075_BURST20190913112954.jpg,00075,train
Red_Hairy_Catterpillar_C__00075IMG_00075_BURST20190913113132.jpg,00075,train
Red_Hairy_Catterpillar_C__00075IMG_00075_BURST20190913113633.jpg,00075,train
Red_Hairy_Catterpillar_C__00075IMG_00075_BURST20190913113803.jpg,00075,train
Red_Hairy_Catterpillar_C__00075IMG_00075_BURST20190913113948.jpg,00075,train
Red_Hairy_Catterpillar_C__00075IMG_00075_BURST20190913114142.jpg,00075,train
Red_Hairy_Catterpillar_C__00075IMG_00075_BURST20190913114622.jpg,00075,train
Red_Hairy_Catterpillar_C__00076IMG_00076_BURST20190913112954.jpg,00076,train
Red_Hairy_Catterpillar_C__00076IMG_00076_BURST20190913113132.jpg,00076,train
Red_Hairy_Catterpillar_C__00076IMG_00076_BURST20190913113303.jpg,00076,train
Red_Hairy_Catterpillar_C__00076IMG_00076_BURST20190913113444.jpg,00076,train
Red_Hairy_Catterpillar_C__00076IMG_00076_BURST20190913113633.jpg,00076,train
Red_Hairy_Catterpillar_C__00076IMG_00076_BURST20190913113803.jpg,00076,train
Red_Hairy_Catterpillar_C__00076IMG_00076_BURST20190913114142.jpg,00076,train
Red_Hairy_Catterpillar_C__00076IMG_00076_BURST20190913114402.jpg,00076,train
Red_Hairy_Catterpillar_C__00076IMG_00076_BURST20190913114622.jpg,00076,train
Red_Hairy_Catterpillar_C__00077IMG_00077_BURST20190913112954.jpg,00077,train
Red_Hairy_Catterpillar_C__00077IMG_00077_BURST20190913113444.jpg,00077,train
Red_Hairy_Catterpillar_C__00077IMG_00077_BURST20190913113803.jpg,00077,train
Red_Hairy_Catterpillar_C__00077IMG_00077_BURST20190913113948.jpg,00077,train
Red_Hairy_Catterpillar_C__00077IMG_00077_BURST20190913114402.jpg,00077,train
Red_Hairy_Catterpillar_C__00077IMG_00077_BURST20190913114622.jpg,00077,train
Red_Hairy_Catterpillar_C__00078IMG_00078_BURST20190913112954.jpg,00078,train
Red_Hairy_Catterpillar_C__00078IMG_00078_BURST20190913113132.jpg,00078,train
Red_Hairy_Catterpillar_C__00078IMG_00078_BURST20190913113303.jpg,00078,train
Red_Hairy_Catterpillar_C__00078IMG_00078_BURST20190913113633.jpg,00078,train
Red_Hairy_Catterpillar_C__00078IMG_00078_BURST20190913114142.jpg,00078,train
Red_Hairy_Catterpillar_C__00078IMG_00078_BURST20190913114402.jpg,00078,train
Red_Hairy_Catterpillar_C__00078IMG_00078_BURST20190913114622.jpg,00078,train
Red_Hairy_Catterpillar_C__00079IMG_00079_BURST20190913112954.jpg,00079,train
Red_Hairy_Catterpillar_C__00079IMG_00079_BURST20190913113303.jpg,00079,train
Red_Hairy_Catterpillar_C__00079IMG_00079_BURST20190913113633.jpg,00079,train
Red_Hairy_Catterpillar_C__00079IMG_00079_BURST20190913113948.jpg,00079,train
Red_Hairy_Catterpillar_C__00079IMG_00079_BURST20190913114142.jpg,00079,train
Red_Hairy_Catterpillar_C__00079IMG_00079_BURST20190913114402.jpg,00079,train
Red_Hairy_Catterpillar_C__00080IMG_00080_BURST20190913112954.jpg,00080,train
Red_Hairy_Catterpillar_C__00080IMG_00080_BURST20190913113303.jpg,00080,train
Red_Hairy_Catterpillar_C__00080IMG_00080_BURST20190913113444.jpg,00080,train
Red_Hairy_Catterpillar_C__00080IMG_00080_BURST20190913113633.jpg,00080,train
Red_Hairy_Catterpillar_C__00080IMG_00080_BURST20190913113803.jpg,00080,train
Red_Hairy_Catterpillar_C__00080IMG_00080_BURST20190913114402.jpg,00080,train
Red_Hairy_Catterpillar_C__00080IMG_00080_BURST20190913114622.jpg,00080,train
Red_Hairy_Catterpillar_C__00081IMG_00081_BURST20190913112954.jpg,00081,train
Red_Hairy_Catterpillar_C__00081IMG_00081_BURST20190913113132.jpg,00081,train
Red_Hairy_Catterpillar_C__00081IMG_00081_BURST20190913113303.jpg,00081,train
Red_Hairy_Catterpillar_C__00081IMG_00081_BURST20190913113444.jpg,00081,train
Red_Hairy_Catterpillar_C__00081IMG_00081_BURST20190913113633.jpg,00081,train
Red_Hairy_Catterpillar_C__00081IMG_00081_BURST20190913113803.jpg,00081,train
Red_Hairy_Catterpillar_C__00081IMG_00081_BURST20190913113948.jpg,00081,train
Red_Hairy_Catterpillar_C__00081IMG_00081_BURST20190913114402.jpg,00081,train
Red_Hairy_Catterpillar_C__00082IMG_00082_BURST20190913113132.jpg,00082,train
Red_Hairy_Catterpillar_C__00082IMG_00082_BURST20190913113303.jpg,00082,train
Red_Hairy_Catterpillar_C__00082IMG_00082_BURST20190913113444.jpg,00082,train
Red_Hairy_Catterpillar_C__00082IMG_00082_BURST20190913113633.jpg,00082,train
Red_Hairy_Catterpillar_C__00082IMG_00082_BURST20190913113803.jpg,00082,train
Red_Hairy_Catterpillar_C__00082IMG_00082_BURST20190913114142.jpg,00082,train
Red_Hairy_Catterpillar_C__00082IMG_00082_BURST20190913114622.jpg,00082,train
Red_Hairy_Catterpillar_C__00083IMG_00083_BURST20190913112954.jpg,00083,train
Red_Hairy_Catterpillar_C__00083IMG_00083_BURST20190913113132.jpg,00083,train
Red_Hairy_Catterpillar_C__00083IMG_00083_BURST20190913113303.jpg,00083,train
Red_Hairy_Catterpillar_C__00083IMG_00083_BURST20190913113444.jpg,00083,train
Red_Hairy_Catterpillar_C__00083IMG_00083_BURST20190913113633.jpg,00083,train
Red_Hairy_Catterpillar_C__00083IMG_00083_BURST20190913114142.jpg,00083,train
Red_Hairy_Catterpillar_C__00083IMG_00083_BURST20190913114622.jpg,00083,train
Red_Hairy_Catterpillar_C__00084IMG_00084_BURST20190913112954.jpg,00084,train
Red_Hairy_Catterpillar_C__00084IMG_00084_BURST20190913113132.jpg,00084,train
Red_Hairy_Catterpillar_C__00084IMG_00084_BURST20190913113633.jpg,00084,train
Red_Hairy_Catterpillar_C__00084IMG_00084_BURST20190913113948.jpg,00084,train
Red_Hairy_Catterpillar_C__00084IMG_00084_BURST20190913114142.jpg,00084,train
Red_Hairy_Catterpillar_C__00084IMG_00084_BURST20190913114402.jpg,00084,train
Red_Hairy_Catterpillar_C__00084IMG_00084_BURST20190913114622.jpg,00084,train
Red_Hairy_Catterpillar_C__00085IMG_00085_BURST20190913113132.jpg,00085,train
Red_Hairy_Catterpillar_C__00085IMG_00085_BURST20190913113444.jpg,00085,train
Red_Hairy_Catterpillar_C__00085IMG_00085_BURST20190913113633.jpg,00085,train
Red_Hairy_Catterpillar_C__00085IMG_00085_BURST20190913113948.jpg,00085,train
Red_Hairy_Catterpillar_C__00085IMG_00085_BURST20190913114142.jpg,00085,train
Red_Hairy_Catterpillar_C__00085IMG_00085_BURST20190913114622.jpg,00085,train
Red_Hairy_Catterpillar_C__00086IMG_00086_BURST20190913112954.jpg,00086,train
Red_Hairy_Catterpillar_C__00086IMG_00086_BURST20190913113303.jpg,00086,train
Red_Hairy_Catterpillar_C__00086IMG_00086_BURST20190913113444.jpg,00086,train
Red_Hairy_Catterpillar_C__00086IMG_00086_BURST20190913113633.jpg,00086,train
Red_Hairy_Catterpillar_C__00086IMG_00086_BURST20190913113803.jpg,00086,train
Red_Hairy_Catterpillar_C__00086IMG_00086_BURST20190913114142.jpg,00086,train
Red_Hairy_Catterpillar_C__00086IMG_00086_BURST20190913114402.jpg,00086,train
Red_Hairy_Catterpillar_C__00086IMG_00086_BURST20190913114622.jpg,00086,train
Red_Hairy_Catterpillar_C__00087IMG_00087_BURST20190913112954.jpg,00087,train
Red_Hairy_Catterpillar_C__00087IMG_00087_BURST20190913113132.jpg,00087,train
Red_Hairy_Catterpillar_C__00087IMG_00087_BURST20190913113633.jpg,00087,train
Red_Hairy_Catterpillar_C__00087IMG_00087_BURST20190913113803.jpg,00087,train
Red_Hairy_Catterpillar_C__00087IMG_00087_BURST20190913114402.jpg,00087,train
Red_Hairy_Catterpillar_C__00088IMG_00088_BURST20190913112954.jpg,00088,train
Red_Hairy_Catterpillar_C__00088IMG_00088_BURST20190913113132.jpg,00088,train
Red_Hairy_Catterpillar_C__00088IMG_00088_BURST20190913113633.jpg,00088,train
Red_Hairy_Catterpillar_C__00088IMG_00088_BURST20190913113948.jpg,00088,train
Red_Hairy_Catterpillar_C__00088IMG_00088_BURST20190913114142.jpg,00088,train
Red_Hairy_Catterpillar_C__00088IMG_00088_BURST20190913114402.jpg,00088,train
Red_Hairy_Catterpillar_C__00089IMG_00089_BURST20190913112954.jpg,00089,train
Red_Hairy_Catterpillar_C__00089IMG_00089_BURST20190913113303.jpg,00089,train
Red_Hairy_Catterpillar_C__00089IMG_00089_BURST20190913113803.jpg,00089,train
Red_Hairy_Catterpillar_C__00089IMG_00089_BURST20190913113948.jpg,00089,train
Red_Hairy_Catterpillar_C__00089IMG_00089_BURST20190913114402.jpg,00089,train
Red_Hairy_Catterpillar_C__00089IMG_00089_BURST20190913114622.jpg,00089,train
Red_Hairy_Catterpillar_C__00090IMG_00090_BURST20190913112954.jpg,00090,train
Red_Hairy_Catterpillar_C__00090IMG_00090_BURST20190913113132.jpg,00090,train
Red_Hairy_Catterpillar_C__00090IMG_00090_BURST20190913113303.jpg,00090,train
Red_Hairy_Catterpillar_C__00090IMG_00090_BURST20190913113444.jpg,00090,train
Red_Hairy_Catterpillar_C__00090IMG_00090_BURST20190913113633.jpg,00090,train
Red_Hairy_Catterpillar_C__00090IMG_00090_BURST20190913113948.jpg,00090,train
Red_Hairy_Catterpillar_C__00090IMG_00090_BURST20190913114142.jpg,00090,train
Red_Hairy_Catterpillar_C__00091IMG_00091_BURST20190913113132.jpg,00091,train
Red_Hairy_Catterpillar_C__00091IMG_00091_BURST20190913113303.jpg,00091,train
Red_Hairy_Catterpillar_C__00091IMG_00091_BURST20190913113803.jpg,00091,train
Red_Hairy_Catterpillar_C__00091IMG_00091_BURST20190913114402.jpg,00091,train
Red_Hairy_Catterpillar_C__00092IMG_00092_BURST20190913113132.jpg,00092,train
Red_Hairy_Catterpillar_C__00092IMG_00092_BURST20190913113303.jpg,00092,train
Red_Hairy_Catterpillar_C__00092IMG_00092_BURST20190913113444.jpg,00092,train
Red_Hairy_Catterpillar_C__00092IMG_00092_BURST20190913113633.jpg,00092,train
Red_Hairy_Catterpillar_C__00092IMG_00092_BURST20190913113948.jpg,00092,train
Red_Hairy_Catterpillar_C__00092IMG_00092_BURST20190913114142.jpg,00092,train
Red_Hairy_Catterpillar_C__00092IMG_00092_BURST20190913114402.jpg,00092,train
Red_Hairy_Catterpillar_C__00093IMG_00093_BURST20190913112954.jpg,00093,train
Red_Hairy_Catterpillar_C__00093IMG_00093_BURST20190913113444.jpg,00093,train
Red_Hairy_Catterpillar_C__00093IMG_00093_BURST20190913113633.jpg,00093,train
Red_Hairy_Catterpillar_C__00093IMG_00093_BURST20190913113803.jpg,00093,train
Red_Hairy_Catterpillar_C__00093IMG_00093_BURST20190913113948.jpg,00093,train
Red_Hairy_Catterpillar_C__00093IMG_00093_BURST20190913114142.jpg,00093,train
Red_Hairy_Catterpillar_C__00093IMG_00093_BURST20190913114402.jpg,00093,train
Red_Hairy_Catterpillar_C__00094IMG_00094_BURST20190913112954.jpg,00094,train
Red_Hairy_Catterpillar_C__00094IMG_00094_BURST20190913113303.jpg,00094,train
Red_Hairy_Catterpillar_C__00094IMG_00094_BURST20190913113444.jpg,00094,train
Red_Hairy_Catterpillar_C__00094IMG_00094_BURST20190913113633.jpg,00094,train
Red_Hairy_Catterpillar_C__00094IMG_00094_BURST20190913113948.jpg,00094,train
Red_Hairy_Catterpillar_C__00094IMG_00094_BURST20190913114142.jpg,00094,train
Red_Hairy_Catterpillar_C__00094IMG_00094_BURST20190913114622.jpg,00094,train
Red_Hairy_Catterpillar_C__00095IMG_00095_BURST20190913112954.jpg,00095,train
Red_Hairy_Catterpillar_C__00095IMG_00095_BURST20190913113303.jpg,00095,train
Red_Hairy_Catterpillar_C__00095IMG_00095_BURST20190913113444.jpg,00095,train
Red_Hairy_Catterpillar_C__00095IMG_00095_BURST20190913113633.jpg,00095,train
Red_Hairy_Catterpillar_C__00095IMG_00095_BURST20190913113948.jpg,00095,train
Red_Hairy_Catterpillar_C__00095IMG_00095_BURST20190913114402.jpg,00095,train
Red_Hairy_Catterpillar_C__00095IMG_00095_BURST20190913114622.jpg,00095,train
Red_Hairy_Catterpillar_C__00096IMG_00096_BURST20190913113303.jpg,00096,train
Red_Hairy_Catterpillar_C__00096IMG_00096_BURST20190913113444.jpg,00096,train
Red_Hairy_Catterpillar_C__00096IMG_00096_BURST20190913113633.jpg,00096,train
Red_Hairy_Catterpillar_C__00096IMG_00096_BURST20190913113803.jpg,00096,train
Red_Hairy_Catterpillar_C__00096IMG_00096_BURST20190913114402.jpg,00096,train
Red_Hairy_Catterpillar_C__00096IMG_00096_BURST20190913114622.jpg,00096,train
Red_Hairy_Catterpillar_C__00097IMG_00097_BURST20190913112954.jpg,00097,train
Red_Hairy_Catterpillar_C__00097IMG_00097_BURST20190913113132.jpg,00097,train
Red_Hairy_Catterpillar_C__00097IMG_00097_BURST20190913113303.jpg,00097,train
Red_Hairy_Catterpillar_C__00097IMG_00097_BURST20190913113633.jpg,00097,train
Red_Hairy_Catterpillar_C__00097IMG_00097_BURST20190913113803.jpg,00097,train
Red_Hairy_Catterpillar_C__00097IMG_00097_BURST20190913114142.jpg,00097,train
Red_Hairy_Catterpillar_C__00097IMG_00097_BURST20190913114622.jpg,00097,train
Red_Hairy_Catterpillar_C__00098IMG_00098_BURST20190913112954.jpg,00098,train
Red_Hairy_Catterpillar_C__00098IMG_00098_BURST20190913113132.jpg,00098,train
Red_Hairy_Catterpillar_C__00098IMG_00098_BURST20190913113303.jpg,00098,train
Red_Hairy_Catterpillar_C__00098IMG_00098_BURST20190913113444.jpg,00098,train
Red_Hairy_Catterpillar_C__00098IMG_00098_BURST20190913113633.jpg,00098,train
Red_Hairy_Catterpillar_C__00098IMG_00098_BURST20190913113803.jpg,00098,train
Red_Hairy_Catterpillar_C__00098IMG_00098_BURST20190913113948.jpg,00098,train
Red_Hairy_Catterpillar_C__00098IMG_00098_BURST20190913114402.jpg,00098,train
Red_Hairy_Catterpillar_C__00099IMG_00099_BURST20190913113132.jpg,00099,train
Red_Hairy_Catterpillar_C__00099IMG_00099_BURST20190913113444.jpg,00099,train
Red_Hairy_Catterpillar_C__00099IMG_00099_BURST20190913113633.jpg,00099,train
Red_Hairy_Catterpillar_C__00099IMG_00099_BURST20190913113803.jpg,00099,train
Red_Hairy_Catterpillar_C__00099IMG_00099_BURST20190913113948.jpg,00099,train
Red_Hairy_Catterpillar_C__00099IMG_00099_BURST20190913114142.jpg,00099,train
Red_Hairy_Catterpillar_C__00099IMG_00099_BURST20190913114402.jpg,00099,train
Tobacco_Caterpillar_B__00001IMG_00001_BURST20190913111032.jpg,00001,train
Tobacco_Caterpillar_B__00001IMG_00001_BURST20190913111207.jpg,00001,train
Tobacco_Caterpillar_B__00001IMG_00001_BURST20190913111528.jpg,00001,train
Tobacco_Caterpillar_B__00001IMG_00001_BURST20190913111831.jpg,00001,train
Tobacco_Caterpillar_B__00001IMG_00001_BURST20190913112050.jpg,00001,train
Tobacco_Caterpillar_B__00001IMG_00001_BURST20190913112429.jpg,00001,train
Tobacco_Caterpillar_B__00001IMG_00001_BURST20190913112603.jpg,00001,train
Tobacco_Caterpillar_B__00002IMG_00002_BURST20190913111032.jpg,00002,train
Tobacco_Caterpillar_B__00002IMG_00002_BURST20190913111207.jpg,00002,train
Tobacco_Caterpillar_B__00002IMG_00002_BURST20190913111401.jpg,00002,train
Tobacco_Caterpillar_B__00002IMG_00002_BURST20190913111528.jpg,00002,train
Tobacco_Caterpillar_B__00002IMG_00002_BURST20190913111652.jpg,00002,train
Tobacco_Caterpillar_B__00002IMG_00002_BURST20190913111831.jpg,00002,train
Tobacco_Caterpillar_B__00002IMG_00002_BURST20190913112300.jpg,00002,train
Tobacco_Caterpillar_B__00002IMG_00002_BURST20190913112429.jpg,00002,train
Tobacco_Caterpillar_B__00002IMG_00002_BURST20190913112603.jpg,00002,train
Tobacco_Caterpillar_B__00003IMG_00003_BURST20190913111032.jpg,00003,train
Tobacco_Caterpillar_B__00003IMG_00003_BURST20190913111207.jpg,00003,train
Tobacco_Caterpillar_B__00003IMG_00003_BURST20190913111528.jpg,00003,train
Tobacco_Caterpillar_B__00003IMG_00003_BURST20190913111831.jpg,00003,train
Tobacco_Caterpillar_B__00003IMG_00003_BURST20190913112429.jpg,00003,train
Tobacco_Caterpillar_B__00004IMG_00004_BURST20190913111032.jpg,00004,train
Tobacco_Caterpillar_B__00004IMG_00004_BURST20190913111207.jpg,00004,train
Tobacco_Caterpillar_B__00004IMG_00004_BURST20190913111401.jpg,00004,train
Tobacco_Caterpillar_B__00004IMG_00004_BURST20190913111652.jpg,00004,train
Tobacco_Caterpillar_B__00004IMG_00004_BURST20190913111831.jpg,00004,train
Tobacco_Caterpillar_B__00004IMG_00004_BURST20190913112050.jpg,00004,train
Tobacco_Caterpillar_B__00004IMG_00004_BURST20190913112300.jpg,00004,train
Tobacco_Caterpillar_B__00004IMG_00004_BURST20190913112429.jpg,00004,train
Tobacco_Caterpillar_B__00005IMG_00005_BURST20190913111032.jpg,00005,train
Tobacco_Caterpillar_B__00005IMG_00005_BURST20190913111207.jpg,00005,train
Tobacco_Caterpillar_B__00005IMG_00005_BURST20190913111401.jpg,00005,train
Tobacco_Caterpillar_B__00005IMG_00005_BURST20190913111528.jpg,00005,train
Tobacco_Caterpillar_B__00005IMG_00005_BURST20190913111652.jpg,00005,train
Tobacco_Caterpillar_B__00005IMG_00005_BURST20190913111831.jpg,00005,train
Tobacco_Caterpillar_B__00005IMG_00005_BURST20190913112300.jpg,00005,train
Tobacco_Caterpillar_B__00005IMG_00005_BURST20190913112603.jpg,00005,train
Tobacco_Caterpillar_B__00006IMG_00006_BURST20190913111032.jpg,00006,train
Tobacco_Caterpillar_B__00006IMG_00006_BURST20190913111207.jpg,00006,train
Tobacco_Caterpillar_B__00006IMG_00006_BURST20190913111401.jpg,00006,train
Tobacco_Caterpillar_B__00006IMG_00006_BURST20190913111528.jpg,00006,train
Tobacco_Caterpillar_B__00006IMG_00006_BURST20190913111652.jpg,00006,train
Tobacco_Caterpillar_B__00006IMG_00006_BURST20190913112050.jpg,00006,train
Tobacco_Caterpillar_B__00006IMG_00006_BURST20190913112300.jpg,00006,train
Tobacco_Caterpillar_B__00006IMG_00006_BURST20190913112429.jpg,00006,train
Tobacco_Caterpillar_B__00007IMG_00007_BURST20190913111032.jpg,00007,train
Tobacco_Caterpillar_B__00007IMG_00007_BURST20190913111401.jpg,00007,train
Tobacco_Caterpillar_B__00007IMG_00007_BURST20190913111528.jpg,00007,train
Tobacco_Caterpillar_B__00007IMG_00007_BURST20190913111831.jpg,00007,train
Tobacco_Caterpillar_B__00007IMG_00007_BURST20190913112050.jpg,00007,train
Tobacco_Caterpillar_B__00007IMG_00007_BURST20190913112429.jpg,00007,train
Tobacco_Caterpillar_B__00007IMG_00007_BURST20190913112603.jpg,00007,train
Tobacco_Caterpillar_B__00008IMG_00008_BURST20190913111032.jpg,00008,train
Tobacco_Caterpillar_B__00008IMG_00008_BURST20190913111401.jpg,00008,train
Tobacco_Caterpillar_B__00008IMG_00008_BURST20190913111652.jpg,00008,train
Tobacco_Caterpillar_B__00008IMG_00008_BURST20190913111831.jpg,00008,train
Tobacco_Caterpillar_B__00008IMG_00008_BURST20190913112050.jpg,00008,train
Tobacco_Caterpillar_B__00008IMG_00008_BURST20190913112429.jpg,00008,train
Tobacco_Caterpillar_B__00008IMG_00008_BURST20190913112603.jpg,00008,train
Tobacco_Caterpillar_B__00009IMG_00009_BURST20190913111032.jpg,00009,train
Tobacco_Caterpillar_B__00009IMG_00009_BURST20190913111207.jpg,00009,train
Tobacco_Caterpillar_B__00009IMG_00009_BURST20190913111401.jpg,00009,train
Tobacco_Caterpillar_B__00009IMG_00009_BURST20190913111528.jpg,00009,train
Tobacco_Caterpillar_B__00009IMG_00009_BURST20190913111652.jpg,00009,train
Tobacco_Caterpillar_B__00009IMG_00009_BURST20190913112050.jpg,00009,train
Tobacco_Caterpillar_B__00009IMG_00009_BURST20190913112300.jpg,00009,train
Tobacco_Caterpillar_B__00009IMG_00009_BURST20190913112429.jpg,00009,train
Tobacco_Caterpillar_B__00009IMG_00009_BURST20190913112603.jpg,00009,train
Tobacco_Caterpillar_B__00010IMG_00010_BURST20190913111032.jpg,00010,train
Tobacco_Caterpillar_B__00010IMG_00010_BURST20190913111207.jpg,00010,train
Tobacco_Caterpillar_B__00010IMG_00010_BURST20190913111401.jpg,00010,train
Tobacco_Caterpillar_B__00010IMG_00010_BURST20190913111528.jpg,00010,train
Tobacco_Caterpillar_B__00010IMG_00010_BURST20190913111831.jpg,00010,train
Tobacco_Caterpillar_B__00010IMG_00010_BURST20190913112300.jpg,00010,train
Tobacco_Caterpillar_B__00010IMG_00010_BURST20190913112429.jpg,00010,train
Tobacco_Caterpillar_B__00010IMG_00010_BURST20190913112603.jpg,00010,train
Tobacco_Caterpillar_B__00011IMG_00011_BURST20190913111032.jpg,00011,train
Tobacco_Caterpillar_B__00011IMG_00011_BURST20190913111207.jpg,00011,train
Tobacco_Caterpillar_B__00011IMG_00011_BURST20190913111652.jpg,00011,train
Tobacco_Caterpillar_B__00011IMG_00011_BURST20190913111831.jpg,00011,train
Tobacco_Caterpillar_B__00011IMG_00011_BURST20190913112429.jpg,00011,train
Tobacco_Caterpillar_B__00011IMG_00011_BURST20190913112603.jpg,00011,train
Tobacco_Caterpillar_B__00012IMG_00012_BURST20190913111032.jpg,00012,train
Tobacco_Caterpillar_B__00012IMG_00012_BURST20190913111207.jpg,00012,train
Tobacco_Caterpillar_B__00012IMG_00012_BURST20190913111401.jpg,00012,train
Tobacco_Caterpillar_B__00012IMG_00012_BURST20190913111831.jpg,00012,train
Tobacco_Caterpillar_B__00012IMG_00012_BURST20190913112300.jpg,00012,train
Tobacco_Caterpillar_B__00012IMG_00012_BURST20190913112429.jpg,00012,train
Tobacco_Caterpillar_B__00012IMG_00012_BURST20190913112603.jpg,00012,train
Tobacco_Caterpillar_B__00013IMG_00013_BURST20190913111528.jpg,00013,train
Tobacco_Caterpillar_B__00013IMG_00013_BURST20190913111652.jpg,00013,train
Tobacco_Caterpillar_B__00013IMG_00013_BURST20190913112300.jpg,00013,train
Tobacco_Caterpillar_B__00013IMG_00013_BURST20190913112429.jpg,00013,train
Tobacco_Caterpillar_B__00013IMG_00013_BURST20190913112603.jpg,00013,train
Tobacco_Caterpillar_B__00014IMG_00014_BURST20190913111032.jpg,00014,train
Tobacco_Caterpillar_B__00014IMG_00014_BURST20190913111528.jpg,00014,train
Tobacco_Caterpillar_B__00014IMG_00014_BURST20190913111652.jpg,00014,train
Tobacco_Caterpillar_B__00014IMG_00014_BURST20190913111831.jpg,00014,train
Tobacco_Caterpillar_B__00014IMG_00014_BURST20190913112300.jpg,00014,train
Tobacco_Caterpillar_B__00014IMG_00014_BURST20190913112429.jpg,00014,train
Tobacco_Caterpillar_B__00014IMG_00014_BURST20190913112603.jpg,00014,train
Tobacco_Caterpillar_B__00015IMG_00015_BURST20190913111207.jpg,00015,train
Tobacco_Caterpillar_B__00015IMG_00015_BURST20190913111401.jpg,00015,train
Tobacco_Caterpillar_B__00015IMG_00015_BURST20190913111528.jpg,00015,train
Tobacco_Caterpillar_B__00015IMG_00015_BURST20190913111652.jpg,00015,train
Tobacco_Caterpillar_B__00015IMG_00015_BURST20190913111831.jpg,00015,train
Tobacco_Caterpillar_B__00015IMG_00015_BURST20190913112050.jpg,00015,train
Tobacco_Caterpillar_B__00015IMG_00015_BURST20190913112300.jpg,00015,train
Tobacco_Caterpillar_B__00015IMG_00015_BURST20190913112429.jpg,00015,train
Tobacco_Caterpillar_B__00015IMG_00015_BURST20190913112603.jpg,00015,train
Tobacco_Caterpillar_B__00016IMG_00016_BURST20190913111032.jpg,00016,train
Tobacco_Caterpillar_B__00016IMG_00016_BURST20190913111207.jpg,00016,train
Tobacco_Caterpillar_B__00016IMG_00016_BURST20190913111401.jpg,00016,train
Tobacco_Caterpillar_B__00016IMG_00016_BURST20190913111831.jpg,00016,train
Tobacco_Caterpillar_B__00016IMG_00016_BURST20190913112300.jpg,00016,train
Tobacco_Caterpillar_B__00016IMG_00016_BURST20190913112603.jpg,00016,train
Tobacco_Caterpillar_B__00017IMG_00017_BURST20190913111207.jpg,00017,train
Tobacco_Caterpillar_B__00017IMG_00017_BURST20190913111652.jpg,00017,train
Tobacco_Caterpillar_B__00017IMG_00017_BURST20190913111831.jpg,00017,train
Tobacco_Caterpillar_B__00017IMG_00017_BURST20190913112300.jpg,00017,train
Tobacco_Caterpillar_B__00017IMG_00017_BURST20190913112429.jpg,00017,train
Tobacco_Caterpillar_B__00017IMG_00017_BURST20190913112603.jpg,00017,train
Tobacco_Caterpillar_B__00018IMG_00018_BURST20190913111032.jpg,00018,train
Tobacco_Caterpillar_B__00018IMG_00018_BURST20190913111401.jpg,00018,train
Tobacco_Caterpillar_B__00018IMG_00018_BURST20190913111528.jpg,00018,train
Tobacco_Caterpillar_B__00018IMG_00018_BURST20190913111652.jpg,00018,train
Tobacco_Caterpillar_B__00018IMG_00018_BURST20190913112050.jpg,00018,train
Tobacco_Caterpillar_B__00018IMG_00018_BURST20190913112300.jpg,00018,train
Tobacco_Caterpillar_B__00018IMG_00018_BURST20190913112429.jpg,00018,train
Tobacco_Caterpillar_B__00018IMG_00018_BURST20190913112603.jpg,00018,train
Tobacco_Caterpillar_B__00019IMG_00019_BURST20190913111401.jpg,00019,train
Tobacco_Caterpillar_B__00019IMG_00019_BURST20190913111831.jpg,00019,train
Tobacco_Caterpillar_B__00019IMG_00019_BURST20190913112050.jpg,00019,train
Tobacco_Caterpillar_B__00019IMG_00019_BURST20190913112603.jpg,00019,train
Tobacco_Caterpillar_B__00020IMG_00020_BURST20190913111207.jpg,00020,train
Tobacco_Caterpillar_B__00020IMG_00020_BURST20190913111528.jpg,00020,train
Tobacco_Caterpillar_B__00020IMG_00020_BURST20190913111652.jpg,00020,train
Tobacco_Caterpillar_B__00020IMG_00020_BURST20190913111831.jpg,00020,train
Tobacco_Caterpillar_B__00020IMG_00020_BURST20190913112300.jpg,00020,train
Tobacco_Caterpillar_B__00020IMG_00020_BURST20190913112429.jpg,00020,train
Tobacco_Caterpillar_B__00020IMG_00020_BURST20190913112603.jpg,00020,train
Tobacco_Caterpillar_B__00021IMG_00021_BURST20190913111032.jpg,00021,train
Tobacco_Caterpillar_B__00021IMG_00021_BURST20190913111207.jpg,00021,train
Tobacco_Caterpillar_B__00021IMG_00021_BURST20190913111401.jpg,00021,train
Tobacco_Caterpillar_B__00021IMG_00021_BURST20190913111831.jpg,00021,train
Tobacco_Caterpillar_B__00021IMG_00021_BURST20190913112050.jpg,00021,train
Tobacco_Caterpillar_B__00021IMG_00021_BURST20190913112429.jpg,00021,train
Tobacco_Caterpillar_B__00022IMG_00022_BURST20190913111401.jpg,00022,train
Tobacco_Caterpillar_B__00022IMG_00022_BURST20190913111831.jpg,00022,train
Tobacco_Caterpillar_B__00022IMG_00022_BURST20190913112050.jpg,00022,train
Tobacco_Caterpillar_B__00022IMG_00022_BURST20190913112300.jpg,00022,train
Tobacco_Caterpillar_B__00022IMG_00022_BURST20190913112429.jpg,00022,train
Tobacco_Caterpillar_B__00022IMG_00022_BURST20190913112603.jpg,00022,train
Tobacco_Caterpillar_B__00023IMG_00023_BURST20190913111207.jpg,00023,train
Tobacco_Caterpillar_B__00023IMG_00023_BURST20190913111401.jpg,00023,train
Tobacco_Caterpillar_B__00023IMG_00023_BURST20190913111528.jpg,00023,train
Tobacco_Caterpillar_B__00023IMG_00023_BURST20190913111652.jpg,00023,train
Tobacco_Caterpillar_B__00023IMG_00023_BURST20190913112050.jpg,00023,train
Tobacco_Caterpillar_B__00023IMG_00023_BURST20190913112300.jpg,00023,train
Tobacco_Caterpillar_B__00023IMG_00023_BURST20190913112429.jpg,00023,train
Tobacco_Caterpillar_B__00023IMG_00023_BURST20190913112603.jpg,00023,train
Tobacco_Caterpillar_B__00024IMG_00024_BURST20190913111032.jpg,00024,train
Tobacco_Caterpillar_B__00024IMG_00024_BURST20190913111207.jpg,00024,train
Tobacco_Caterpillar_B__00024IMG_00024_BURST20190913111401.jpg,00024,train
Tobacco_Caterpillar_B__00024IMG_00024_BURST20190913111652.jpg,00024,train
Tobacco_Caterpillar_B__00024IMG_00024_BURST20190913111831.jpg,00024,train
Tobacco_Caterpillar_B__00024IMG_00024_BURST20190913112050.jpg,00024,train
Tobacco_Caterpillar_B__00024IMG_00024_BURST20190913112603.jpg,00024,train
Tobacco_Caterpillar_B__00025IMG_00025_BURST20190913111032.jpg,00025,train
Tobacco_Caterpillar_B__00025IMG_00025_BURST20190913111207.jpg,00025,train
Tobacco_Caterpillar_B__00025IMG_00025_BURST20190913111401.jpg,00025,train
Tobacco_Caterpillar_B__00025IMG_00025_BURST20190913111831.jpg,00025,train
Tobacco_Caterpillar_B__00025IMG_00025_BURST20190913112050.jpg,00025,train
Tobacco_Caterpillar_B__00025IMG_00025_BURST20190913112300.jpg,00025,train
Tobacco_Caterpillar_B__00025IMG_00025_BURST20190913112429.jpg,00025,train
Tobacco_Caterpillar_B__00026IMG_00026_BURST20190913111207.jpg,00026,train
Tobacco_Caterpillar_B__00026IMG_00026_BURST20190913111401.jpg,00026,train
Tobacco_Caterpillar_B__00026IMG_00026_BURST20190913111652.jpg,00026,train
Tobacco_Caterpillar_B__00026IMG_00026_BURST20190913111831.jpg,00026,train
Tobacco_Caterpillar_B__00026IMG_00026_BURST20190913112050.jpg,00026,train
Tobacco_Caterpillar_B__00026IMG_00026_BURST20190913112300.jpg,00026,train
Tobacco_Caterpillar_B__00026IMG_00026_BURST20190913112429.jpg,00026,train
Tobacco_Caterpillar_B__00026IMG_00026_BURST20190913112603.jpg,00026,train
Tobacco_Caterpillar_B__00027IMG_00027_BURST20190913111207.jpg,00027,train
Tobacco_Caterpillar_B__00027IMG_00027_BURST20190913111528.jpg,00027,train
Tobacco_Caterpillar_B__00027IMG_00027_BURST20190913111652.jpg,00027,train
Tobacco_Caterpillar_B__00027IMG_00027_BURST20190913111831.jpg,00027,train
Tobacco_Caterpillar_B__00027IMG_00027_BURST20190913112050.jpg,00027,train
Tobacco_Caterpillar_B__00028IMG_00028_BURST20190913111032.jpg,00028,train
Tobacco_Caterpillar_B__00028IMG_00028_BURST20190913111401.jpg,00028,train
Tobacco_Caterpillar_B__00028IMG_00028_BURST20190913111528.jpg,00028,train
Tobacco_Caterpillar_B__00028IMG_00028_BURST20190913111831.jpg,00028,train
Tobacco_Caterpillar_B__00028IMG_00028_BURST20190913112050.jpg,00028,train
Tobacco_Caterpillar_B__00028IMG_00028_BURST20190913112300.jpg,00028,train
Tobacco_Caterpillar_B__00028IMG_00028_BURST20190913112429.jpg,00028,train
Tobacco_Caterpillar_B__00028IMG_00028_BURST20190913112603.jpg,00028,train
Tobacco_Caterpillar_B__00029IMG_00029_BURST20190913111032.jpg,00029,train
Tobacco_Caterpillar_B__00029IMG_00029_BURST20190913111207.jpg,00029,train
Tobacco_Caterpillar_B__00029IMG_00029_BURST20190913111652.jpg,00029,train
Tobacco_Caterpillar_B__00029IMG_00029_BURST20190913111831.jpg,00029,train
Tobacco_Caterpillar_B__00029IMG_00029_BURST20190913112300.jpg,00029,train
Tobacco_Caterpillar_B__00029IMG_00029_BURST20190913112429.jpg,00029,train
Tobacco_Caterpillar_B__00030IMG_00030_BURST20190913111032.jpg,00030,train
Tobacco_Caterpillar_B__00030IMG_00030_BURST20190913111207.jpg,00030,train
Tobacco_Caterpillar_B__00030IMG_00030_BURST20190913111401.jpg,00030,train
Tobacco_Caterpillar_B__00030IMG_00030_BURST20190913111528.jpg,00030,train
Tobacco_Caterpillar_B__00030IMG_00030_BURST20190913111831.jpg,00030,train
Tobacco_Caterpillar_B__00030IMG_00030_BURST20190913112050.jpg,00030,train
Tobacco_Caterpillar_B__00030IMG_00030_BURST20190913112429.jpg,00030,train
Tobacco_Caterpillar_B__00030IMG_00030_BURST20190913112603.jpg,00030,train
Tobacco_Caterpillar_B__00031IMG_00031_BURST20190913111401.jpg,00031,train
Tobacco_Caterpillar_B__00031IMG_00031_BURST20190913111528.jpg,00031,train
Tobacco_Caterpillar_B__00031IMG_00031_BURST20190913111652.jpg,00031,train
Tobacco_Caterpillar_B__00031IMG_00031_BURST20190913111831.jpg,00031,train
Tobacco_Caterpillar_B__00031IMG_00031_BURST20190913112050.jpg,00031,train
Tobacco_Caterpillar_B__00031IMG_00031_BURST20190913112300.jpg,00031,train
Tobacco_Caterpillar_B__00031IMG_00031_BURST20190913112429.jpg,00031,train
Tobacco_Caterpillar_B__00032IMG_00032_BURST20190913111207.jpg,00032,train
Tobacco_Caterpillar_B__00032IMG_00032_BURST20190913111401.jpg,00032,train
Tobacco_Caterpillar_B__00032IMG_00032_BURST20190913111528.jpg,00032,train
Tobacco_Caterpillar_B__00032IMG_00032_BURST20190913111652.jpg,00032,train
Tobacco_Caterpillar_B__00032IMG_00032_BURST20190913112300.jpg,00032,train
Tobacco_Caterpillar_B__00032IMG_00032_BURST20190913112429.jpg,00032,train
Tobacco_Caterpillar_B__00032IMG_00032_BURST20190913112603.jpg,00032,train
Tobacco_Caterpillar_B__00033IMG_00033_BURST20190913111528.jpg,00033,train
Tobacco_Caterpillar_B__00033IMG_00033_BURST20190913111652.jpg,00033,train
Tobacco_Caterpillar_B__00033IMG_00033_BURST20190913111831.jpg,00033,train
Tobacco_Caterpillar_B__00033IMG_00033_BURST20190913112050.jpg,00033,train
Tobacco_Caterpillar_B__00033IMG_00033_BURST20190913112300.jpg,00033,train
Tobacco_Caterpillar_B__00033IMG_00033_BURST20190913112429.jpg,00033,train
Tobacco_Caterpillar_B__00033IMG_00033_BURST20190913112603.jpg,00033,train
Tobacco_Caterpillar_B__00034IMG_00034_BURST20190913111207.jpg,00034,train
Tobacco_Caterpillar_B__00034IMG_00034_BURST20190913111528.jpg,00034,train
Tobacco_Caterpillar_B__00034IMG_00034_BURST20190913111652.jpg,00034,train
Tobacco_Caterpillar_B__00034IMG_00034_BURST20190913112050.jpg,00034,train
Tobacco_Caterpillar_B__00034IMG_00034_BURST20190913112300.jpg,00034,train
Tobacco_Caterpillar_B__00034IMG_00034_BURST20190913112429.jpg,00034,train
Tobacco_Caterpillar_B__00035IMG_00035_BURST20190913111401.jpg,00035,train
Tobacco_Caterpillar_B__00035IMG_00035_BURST20190913111528.jpg,00035,train
Tobacco_Caterpillar_B__00035IMG_00035_BURST20190913111652.jpg,00035,train
Tobacco_Caterpillar_B__00035IMG_00035_BURST20190913111831.jpg,00035,train
Tobacco_Caterpillar_B__00035IMG_00035_BURST20190913112050.jpg,00035,train
Tobacco_Caterpillar_B__00035IMG_00035_BURST20190913112603.jpg,00035,train
Tobacco_Caterpillar_B__00036IMG_00036_BURST20190913111032.jpg,00036,train
Tobacco_Caterpillar_B__00036IMG_00036_BURST20190913111207.jpg,00036,train
Tobacco_Caterpillar_B__00036IMG_00036_BURST20190913111528.jpg,00036,train
Tobacco_Caterpillar_B__00036IMG_00036_BURST20190913111652.jpg,00036,train
Tobacco_Caterpillar_B__00036IMG_00036_BURST20190913111831.jpg,00036,train
Tobacco_Caterpillar_B__00036IMG_00036_BURST20190913112050.jpg,00036,train
Tobacco_Caterpillar_B__00036IMG_00036_BURST20190913112300.jpg,00036,train
Tobacco_Caterpillar_B__00036IMG_00036_BURST20190913112429.jpg,00036,train
Tobacco_Caterpillar_B__00036IMG_00036_BURST20190913112603.jpg,00036,train
Tobacco_Caterpillar_B__00037IMG_00037_BURST20190913111032.jpg,00037,train
Tobacco_Caterpillar_B__00037IMG_00037_BURST20190913111207.jpg,00037,train
Tobacco_Caterpillar_B__00037IMG_00037_BURST20190913111401.jpg,00037,train
Tobacco_Caterpillar_B__00037IMG_00037_BURST20190913111652.jpg,00037,train
Tobacco_Caterpillar_B__00037IMG_00037_BURST20190913111831.jpg,00037,train
Tobacco_Caterpillar_B__00037IMG_00037_BURST20190913112050.jpg,00037,train
Tobacco_Caterpillar_B__00037IMG_00037_BURST20190913112300.jpg,00037,train
Tobacco_Caterpillar_B__00037IMG_00037_BURST20190913112429.jpg,00037,train
Tobacco_Caterpillar_B__00038IMG_00038_BURST20190913111032.jpg,00038,train
Tobacco_Caterpillar_B__00038IMG_00038_BURST20190913111207.jpg,00038,train
Tobacco_Caterpillar_B__00038IMG_00038_BURST20190913111401.jpg,00038,train
Tobacco_Caterpillar_B__00038IMG_00038_BURST20190913111528.jpg,00038,train
Tobacco_Caterpillar_B__00038IMG_00038_BURST20190913111652.jpg,00038,train
Tobacco_Caterpillar_B__00038IMG_00038_BURST20190913111831.jpg,00038,train
Tobacco_Caterpillar_B__00038IMG_00038_BURST20190913112050.jpg,00038,train
Tobacco_Caterpillar_B__00038IMG_00038_BURST20190913112300.jpg,00038,train
Tobacco_Caterpillar_B__00038IMG_00038_BURST20190913112603.jpg,00038,train
Tobacco_Caterpillar_B__00039IMG_00039_BURST20190913111032.jpg,00039,train
Tobacco_Caterpillar_B__00039IMG_00039_BURST20190913111207.jpg,00039,train
Tobacco_Caterpillar_B__00039IMG_00039_BURST20190913111652.jpg,00039,train
Tobacco_Caterpillar_B__00039IMG_00039_BURST20190913112050.jpg,00039,train
Tobacco_Caterpillar_B__00039IMG_00039_BURST20190913112429.jpg,00039,train
Tobacco_Caterpillar_B__00040IMG_00040_BURST20190913111032.jpg,00040,train
Tobacco_Caterpillar_B__00040IMG_00040_BURST20190913111207.jpg,00040,train
Tobacco_Caterpillar_B__00040IMG_00040_BURST20190913111401.jpg,00040,train
Tobacco_Caterpillar_B__00040IMG_00040_BURST20190913111528.jpg,00040,train
Tobacco_Caterpillar_B__00040IMG_00040_BURST20190913111652.jpg,00040,train
Tobacco_Caterpillar_B__00040IMG_00040_BURST20190913111831.jpg,00040,train
Tobacco_Caterpillar_B__00040IMG_00040_BURST20190913112050.jpg,00040,train
Tobacco_Caterpillar_B__00040IMG_00040_BURST20190913112300.jpg,00040,train
Tobacco_Caterpillar_B__00040IMG_00040_BURST20190913112429.jpg,00040,train
Tobacco_Caterpillar_B__00041IMG_00041_BURST20190913111032.jpg,00041,train
Tobacco_Caterpillar_B__00041IMG_00041_BURST20190913111207.jpg,00041,train
Tobacco_Caterpillar_B__00041IMG_00041_BURST20190913111401.jpg,00041,train
Tobacco_Caterpillar_B__00041IMG_00041_BURST20190913111528.jpg,00041,train
Tobacco_Caterpillar_B__00041IMG_00041_BURST20190913111652.jpg,00041,train
Tobacco_Caterpillar_B__00041IMG_00041_BURST20190913111831.jpg,00041,train
Tobacco_Caterpillar_B__00041IMG_00041_BURST20190913112050.jpg,00041,train
Tobacco_Caterpillar_B__00041IMG_00041_BURST20190913112300.jpg,00041,train
Tobacco_Caterpillar_B__00041IMG_00041_BURST20190913112429.jpg,00041,train
Tobacco_Caterpillar_B__00041IMG_00041_BURST20190913112603.jpg,00041,train
Tobacco_Caterpillar_B__00042IMG_00042_BURST20190913111032.jpg,00042,train
Tobacco_Caterpillar_B__00042IMG_00042_BURST20190913111207.jpg,00042,train
Tobacco_Caterpillar_B__00042IMG_00042_BURST20190913111401.jpg,00042,train
Tobacco_Caterpillar_B__00042IMG_00042_BURST20190913111528.jpg,00042,train
Tobacco_Caterpillar_B__00042IMG_00042_BURST20190913111652.jpg,00042,train
Tobacco_Caterpillar_B__00042IMG_00042_BURST20190913111831.jpg,00042,train
Tobacco_Caterpillar_B__00042IMG_00042_BURST20190913112300.jpg,00042,train
Tobacco_Caterpillar_B__00042IMG_00042_BURST20190913112603.jpg,00042,train
Tobacco_Caterpillar_B__00043IMG_00043_BURST20190913111032.jpg,00043,train
Tobacco_Caterpillar_B__00043IMG_00043_BURST20190913111401.jpg,00043,train
Tobacco_Caterpillar_B__00043IMG_00043_BURST20190913111528.jpg,00043,train
Tobacco_Caterpillar_B__00043IMG_00043_BURST20190913111831.jpg,00043,train
Tobacco_Caterpillar_B__00043IMG_00043_BURST20190913112050.jpg,00043,train
Tobacco_Caterpillar_B__00043IMG_00043_BURST20190913112300.jpg,00043,train
Tobacco_Caterpillar_B__00043IMG_00043_BURST20190913112429.jpg,00043,train
Tobacco_Caterpillar_B__00044IMG_00044_BURST20190913111032.jpg,00044,train
Tobacco_Caterpillar_B__00044IMG_00044_BURST20190913111401.jpg,00044,train
Tobacco_Caterpillar_B__00044IMG_00044_BURST20190913111528.jpg,00044,train
Tobacco_Caterpillar_B__00044IMG_00044_BURST20190913111831.jpg,00044,train
Tobacco_Caterpillar_B__00044IMG_00044_BURST20190913112300.jpg,00044,train
Tobacco_Caterpillar_B__00044IMG_00044_BURST20190913112429.jpg,00044,train
Tobacco_Caterpillar_B__00044IMG_00044_BURST20190913112603.jpg,00044,train
Tobacco_Caterpillar_B__00045IMG_00045_BURST20190913111032.jpg,00045,train
Tobacco_Caterpillar_B__00045IMG_00045_BURST20190913111207.jpg,00045,train
Tobacco_Caterpillar_B__00045IMG_00045_BURST20190913111401.jpg,00045,train
Tobacco_Caterpillar_B__00045IMG_00045_BURST20190913111528.jpg,00045,train
Tobacco_Caterpillar_B__00045IMG_00045_BURST20190913111652.jpg,00045,train
Tobacco_Caterpillar_B__00045IMG_00045_BURST20190913112050.jpg,00045,train
Tobacco_Caterpillar_B__00045IMG_00045_BURST20190913112429.jpg,00045,train
Tobacco_Caterpillar_B__00045IMG_00045_BURST20190913112603.jpg,00045,train
Tobacco_Caterpillar_B__00046IMG_00046_BURST20190913111207.jpg,00046,train
Tobacco_Caterpillar_B__00046IMG_00046_BURST20190913111401.jpg,00046,train
Tobacco_Caterpillar_B__00046IMG_00046_BURST20190913111652.jpg,00046,train
Tobacco_Caterpillar_B__00046IMG_00046_BURST20190913112050.jpg,00046,train
Tobacco_Caterpillar_B__00046IMG_00046_BURST20190913112300.jpg,00046,train
Tobacco_Caterpillar_B__00046IMG_00046_BURST20190913112429.jpg,00046,train
Tobacco_Caterpillar_B__00046IMG_00046_BURST20190913112603.jpg,00046,train
Tobacco_Caterpillar_B__00047IMG_00047_BURST20190913111401.jpg,00047,train
Tobacco_Caterpillar_B__00047IMG_00047_BURST20190913111528.jpg,00047,train
Tobacco_Caterpillar_B__00047IMG_00047_BURST20190913111652.jpg,00047,train
Tobacco_Caterpillar_B__00047IMG_00047_BURST20190913111831.jpg,00047,train
Tobacco_Caterpillar_B__00047IMG_00047_BURST20190913112050.jpg,00047,train
Tobacco_Caterpillar_B__00047IMG_00047_BURST20190913112300.jpg,00047,train
Tobacco_Caterpillar_B__00047IMG_00047_BURST20190913112603.jpg,00047,train
Tobacco_Caterpillar_B__00048IMG_00048_BURST20190913111032.jpg,00048,train
Tobacco_Caterpillar_B__00048IMG_00048_BURST20190913111401.jpg,00048,train
Tobacco_Caterpillar_B__00048IMG_00048_BURST20190913111528.jpg,00048,train
Tobacco_Caterpillar_B__00048IMG_00048_BURST20190913111831.jpg,00048,train
Tobacco_Caterpillar_B__00048IMG_00048_BURST20190913112050.jpg,00048,train
Tobacco_Caterpillar_B__00049IMG_00049_BURST20190913111032.jpg,00049,train
Tobacco_Caterpillar_B__00049IMG_00049_BURST20190913111401.jpg,00049,train
Tobacco_Caterpillar_B__00049IMG_00049_BURST20190913111652.jpg,00049,train
Tobacco_Caterpillar_B__00049IMG_00049_BURST20190913111831.jpg,00049,train
Tobacco_Caterpillar_B__00049IMG_00049_BURST20190913112050.jpg,00049,train
Tobacco_Caterpillar_B__00049IMG_00049_BURST20190913112300.jpg,00049,train
Tobacco_Caterpillar_B__00049IMG_00049_BURST20190913112429.jpg,00049,train
Tobacco_Caterpillar_B__00050IMG_00050_BURST20190913111032.jpg,00050,train
Tobacco_Caterpillar_B__00050IMG_00050_BURST20190913111207.jpg,00050,train
Tobacco_Caterpillar_B__00050IMG_00050_BURST20190913111401.jpg,00050,train
Tobacco_Caterpillar_B__00050IMG_00050_BURST20190913111652.jpg,00050,train
Tobacco_Caterpillar_B__00050IMG_00050_BURST20190913111831.jpg,00050,train
Tobacco_Caterpillar_B__00050IMG_00050_BURST20190913112050.jpg,00050,train
Tobacco_Caterpillar_B__00050IMG_00050_BURST20190913112300.jpg,00050,train
Tobacco_Caterpillar_B__00050IMG_00050_BURST20190913112429.jpg,00050,train
Tobacco_Caterpillar_B__00050IMG_00050_BURST20190913112603.jpg,00050,train
Tobacco_Caterpillar_B__00051IMG_00051_BURST20190913111207.jpg,00051,train
Tobacco_Caterpillar_B__00051IMG_00051_BURST20190913111401.jpg,00051,train
Tobacco_Caterpillar_B__00051IMG_00051_BURST20190913111528.jpg,00051,train
Tobacco_Caterpillar_B__00051IMG_00051_BURST20190913111831.jpg,00051,train
Tobacco_Caterpillar_B__00051IMG_00051_BURST20190913112300.jpg,00051,train
Tobacco_Caterpillar_B__00051IMG_00051_BURST20190913112429.jpg,00051,train
Tobacco_Caterpillar_B__00052IMG_00052_BURST20190913111207.jpg,00052,train
Tobacco_Caterpillar_B__00052IMG_00052_BURST20190913111401.jpg,00052,train
Tobacco_Caterpillar_B__00052IMG_00052_BURST20190913111652.jpg,00052,train
Tobacco_Caterpillar_B__00052IMG_00052_BURST20190913111831.jpg,00052,train
Tobacco_Caterpillar_B__00052IMG_00052_BURST20190913112300.jpg,00052,train
Tobacco_Caterpillar_B__00052IMG_00052_BURST20190913112429.jpg,00052,train
Tobacco_Caterpillar_B__00052IMG_00052_BURST20190913112603.jpg,00052,train
Tobacco_Caterpillar_B__00053IMG_00053_BURST20190913111032.jpg,00053,train
Tobacco_Caterpillar_B__00053IMG_00053_BURST20190913111207.jpg,00053,train
Tobacco_Caterpillar_B__00053IMG_00053_BURST20190913111401.jpg,00053,train
Tobacco_Caterpillar_B__00053IMG_00053_BURST20190913111528.jpg,00053,train
Tobacco_Caterpillar_B__00053IMG_00053_BURST20190913111652.jpg,00053,train
Tobacco_Caterpillar_B__00053IMG_00053_BURST20190913111831.jpg,00053,train
Tobacco_Caterpillar_B__00053IMG_00053_BURST20190913112050.jpg,00053,train
Tobacco_Caterpillar_B__00053IMG_00053_BURST20190913112300.jpg,00053,train
Tobacco_Caterpillar_B__00053IMG_00053_BURST20190913112429.jpg,00053,train
Tobacco_Caterpillar_B__00053IMG_00053_BURST20190913112603.jpg,00053,train
Tobacco_Caterpillar_B__00054IMG_00054_BURST20190913111207.jpg,00054,train
Tobacco_Caterpillar_B__00054IMG_00054_BURST20190913111401.jpg,00054,train
Tobacco_Caterpillar_B__00054IMG_00054_BURST20190913111528.jpg,00054,train
Tobacco_Caterpillar_B__00054IMG_00054_BURST20190913111831.jpg,00054,train
Tobacco_Caterpillar_B__00054IMG_00054_BURST20190913112050.jpg,00054,train
Tobacco_Caterpillar_B__00054IMG_00054_BURST20190913112300.jpg,00054,train
Tobacco_Caterpillar_B__00054IMG_00054_BURST20190913112429.jpg,00054,train
Tobacco_Caterpillar_B__00054IMG_00054_BURST20190913112603.jpg,00054,train
Tobacco_Caterpillar_B__00055IMG_00055_BURST20190913111207.jpg,00055,train
Tobacco_Caterpillar_B__00055IMG_00055_BURST20190913111401.jpg,00055,train
Tobacco_Caterpillar_B__00055IMG_00055_BURST20190913111528.jpg,00055,train
Tobacco_Caterpillar_B__00055IMG_00055_BURST20190913111652.jpg,00055,train
Tobacco_Caterpillar_B__00055IMG_00055_BURST20190913111831.jpg,00055,train
Tobacco_Caterpillar_B__00055IMG_00055_BURST20190913112050.jpg,00055,train
Tobacco_Caterpillar_B__00055IMG_00055_BURST20190913112300.jpg,00055,train
Tobacco_Caterpillar_B__00055IMG_00055_BURST20190913112429.jpg,00055,train
Tobacco_Caterpillar_B__00055IMG_00055_BURST20190913112603.jpg,00055,train
Tobacco_Caterpillar_B__00056IMG_00056_BURST20190913111032.jpg,00056,train
Tobacco_Caterpillar_B__00056IMG_00056_BURST20190913111207.jpg,00056,train
Tobacco_Caterpillar_B__00056IMG_00056_BURST20190913111652.jpg,00056,train
Tobacco_Caterpillar_B__00056IMG_00056_BURST20190913111831.jpg,00056,train
Tobacco_Caterpillar_B__00056IMG_00056_BURST20190913112300.jpg,00056,train
Tobacco_Caterpillar_B__00056IMG_00056_BURST20190913112429.jpg,00056,train
Tobacco_Caterpillar_B__00057IMG_00057_BURST20190913111032.jpg,00057,train
Tobacco_Caterpillar_B__00057IMG_00057_BURST20190913111207.jpg,00057,train
Tobacco_Caterpillar_B__00057IMG_00057_BURST20190913111401.jpg,00057,train
Tobacco_Caterpillar_B__00057IMG_00057_BURST20190913111528.jpg,00057,train
Tobacco_Caterpillar_B__00057IMG_00057_BURST20190913111652.jpg,00057,train
Tobacco_Caterpillar_B__00057IMG_00057_BURST20190913112300.jpg,00057,train
Tobacco_Caterpillar_B__00057IMG_00057_BURST20190913112429.jpg,00057,train
Tobacco_Caterpillar_B__00057IMG_00057_BURST20190913112603.jpg,00057,train
Tobacco_Caterpillar_B__00058IMG_00058_BURST20190913111032.jpg,00058,train
Tobacco_Caterpillar_B__00058IMG_00058_BURST20190913111401.jpg,00058,train
Tobacco_Caterpillar_B__00058IMG_00058_BURST20190913111528.jpg,00058,train
Tobacco_Caterpillar_B__00058IMG_00058_BURST20190913111652.jpg,00058,train
Tobacco_Caterpillar_B__00058IMG_00058_BURST20190913111831.jpg,00058,train
Tobacco_Caterpillar_B__00058IMG_00058_BURST20190913112050.jpg,00058,train
Tobacco_Caterpillar_B__00058IMG_00058_BURST20190913112429.jpg,00058,train
Tobacco_Caterpillar_B__00058IMG_00058_BURST20190913112603.jpg,00058,train
Tobacco_Caterpillar_B__00059IMG_00059_BURST20190913111207.jpg,00059,train
Tobacco_Caterpillar_B__00059IMG_00059_BURST20190913111401.jpg,00059,train
Tobacco_Caterpillar_B__00059IMG_00059_BURST20190913111528.jpg,00059,train
Tobacco_Caterpillar_B__00059IMG_00059_BURST20190913111831.jpg,00059,train
Tobacco_Caterpillar_B__00059IMG_00059_BURST20190913112050.jpg,00059,train
Tobacco_Caterpillar_B__00059IMG_00059_BURST20190913112603.jpg,00059,train
Tobacco_Caterpillar_B__00060IMG_00060_BURST20190913111207.jpg,00060,train
Tobacco_Caterpillar_B__00060IMG_00060_BURST20190913111401.jpg,00060,train
Tobacco_Caterpillar_B__00060IMG_00060_BURST20190913111528.jpg,00060,train
Tobacco_Caterpillar_B__00060IMG_00060_BURST20190913111652.jpg,00060,train
Tobacco_Caterpillar_B__00060IMG_00060_BURST20190913111831.jpg,00060,train
Tobacco_Caterpillar_B__00060IMG_00060_BURST20190913112050.jpg,00060,train
Tobacco_Caterpillar_B__00060IMG_00060_BURST20190913112300.jpg,00060,train
Tobacco_Caterpillar_B__00060IMG_00060_BURST20190913112603.jpg,00060,train
Tobacco_Caterpillar_B__00061IMG_00061_BURST20190913111032.jpg,00061,train
Tobacco_Caterpillar_B__00061IMG_00061_BURST20190913111207.jpg,00061,train
Tobacco_Caterpillar_B__00061IMG_00061_BURST20190913111528.jpg,00061,train
Tobacco_Caterpillar_B__00061IMG_00061_BURST20190913111831.jpg,00061,train
Tobacco_Caterpillar_B__00061IMG_00061_BURST20190913112050.jpg,00061,train
Tobacco_Caterpillar_B__00061IMG_00061_BURST20190913112300.jpg,00061,train
Tobacco_Caterpillar_B__00061IMG_00061_BURST20190913112429.jpg,00061,train
Tobacco_Caterpillar_B__00061IMG_00061_BURST20190913112603.jpg,00061,train
Tobacco_Caterpillar_B__00062IMG_00062_BURST20190913111032.jpg,00062,train
Tobacco_Caterpillar_B__00062IMG_00062_BURST20190913111207.jpg,00062,train
Tobacco_Caterpillar_B__00062IMG_00062_BURST20190913111401.jpg,00062,train
Tobacco_Caterpillar_B__00062IMG_00062_BURST20190913111652.jpg,00062,train
Tobacco_Caterpillar_B__00062IMG_00062_BURST20190913111831.jpg,00062,train
Tobacco_Caterpillar_B__00062IMG_00062_BURST20190913112300.jpg,00062,train
Tobacco_Caterpillar_B__00062IMG_00062_BURST20190913112429.jpg,00062,train
Tobacco_Caterpillar_B__00062IMG_00062_BURST20190913112603.jpg,00062,train
Tobacco_Caterpillar_B__00063IMG_00063_BURST20190913111652.jpg,00063,train
Tobacco_Caterpillar_B__00063IMG_00063_BURST20190913111831.jpg,00063,train
Tobacco_Caterpillar_B__00063IMG_00063_BURST20190913112429.jpg,00063,train
Tobacco_Caterpillar_B__00063IMG_00063_BURST20190913112603.jpg,00063,train
Tobacco_Caterpillar_B__00064IMG_00064_BURST20190913111032.jpg,00064,train
Tobacco_Caterpillar_B__00064IMG_00064_BURST20190913111207.jpg,00064,train
Tobacco_Caterpillar_B__00064IMG_00064_BURST20190913111401.jpg,00064,train
Tobacco_Caterpillar_B__00064IMG_00064_BURST20190913111528.jpg,00064,train
Tobacco_Caterpillar_B__00064IMG_00064_BURST20190913112300.jpg,00064,train
Tobacco_Caterpillar_B__00064IMG_00064_BURST20190913112603.jpg,00064,train
Tobacco_Caterpillar_B__00065IMG_00065_BURST20190913111032.jpg,00065,train
Tobacco_Caterpillar_B__00065IMG_00065_BURST20190913111207.jpg,00065,train
Tobacco_Caterpillar_B__00065IMG_00065_BURST20190913111401.jpg,00065,train
Tobacco_Caterpillar_B__00065IMG_00065_BURST20190913111528.jpg,00065,train
Tobacco_Caterpillar_B__00065IMG_00065_BURST20190913111652.jpg,00065,train
Tobacco_Caterpillar_B__00065IMG_00065_BURST20190913111831.jpg,00065,train
Tobacco_Caterpillar_B__00065IMG_00065_BURST20190913112429.jpg,00065,train
Tobacco_Caterpillar_B__00066IMG_00066_BURST20190913111032.jpg,00066,train
Tobacco_Caterpillar_B__00066IMG_00066_BURST20190913111207.jpg,00066,train
Tobacco_Caterpillar_B__00066IMG_00066_BURST20190913111528.jpg,00066,train
Tobacco_Caterpillar_B__00066IMG_00066_BURST20190913111652.jpg,00066,train
Tobacco_Caterpillar_B__00066IMG_00066_BURST20190913111831.jpg,00066,train
Tobacco_Caterpillar_B__00066IMG_00066_BURST20190913112300.jpg,00066,train
Tobacco_Caterpillar_B__00066IMG_00066_BURST20190913112429.jpg,00066,train
Tobacco_Caterpillar_B__00066IMG_00066_BURST20190913112603.jpg,00066,train
Tobacco_Caterpillar_B__00067IMG_00067_BURST20190913111032.jpg,00067,train
Tobacco_Caterpillar_B__00067IMG_00067_BURST20190913111207.jpg,00067,train
Tobacco_Caterpillar_B__00067IMG_00067_BURST20190913111401.jpg,00067,train
Tobacco_Caterpillar_B__00067IMG_00067_BURST20190913111652.jpg,00067,train
Tobacco_Caterpillar_B__00067IMG_00067_BURST20190913111831.jpg,00067,train
Tobacco_Caterpillar_B__00067IMG_00067_BURST20190913112300.jpg,00067,train
Tobacco_Caterpillar_B__00067IMG_00067_BURST20190913112429.jpg,00067,train
Tobacco_Caterpillar_B__00067IMG_00067_BURST20190913112603.jpg,00067,train
Tobacco_Caterpillar_B__00068IMG_00068_BURST20190913111032.jpg,00068,train
Tobacco_Caterpillar_B__00068IMG_00068_BURST20190913111207.jpg,00068,train
Tobacco_Caterpillar_B__00068IMG_00068_BURST20190913111528.jpg,00068,train
Tobacco_Caterpillar_B__00068IMG_00068_BURST20190913111652.jpg,00068,train
Tobacco_Caterpillar_B__00068IMG_00068_BURST20190913111831.jpg,00068,train
Tobacco_Caterpillar_B__00068IMG_00068_BURST20190913112050.jpg,00068,train
Tobacco_Caterpillar_B__00068IMG_00068_BURST20190913112300.jpg,00068,train
Tobacco_Caterpillar_B__00068IMG_00068_BURST20190913112429.jpg,00068,train
Tobacco_Caterpillar_B__00069IMG_00069_BURST20190913111207.jpg,00069,train
Tobacco_Caterpillar_B__00069IMG_00069_BURST20190913111401.jpg,00069,train
Tobacco_Caterpillar_B__00069IMG_00069_BURST20190913111528.jpg,00069,train
Tobacco_Caterpillar_B__00069IMG_00069_BURST20190913111652.jpg,00069,train
Tobacco_Caterpillar_B__00069IMG_00069_BURST20190913111831.jpg,00069,train
Tobacco_Caterpillar_B__00069IMG_00069_BURST20190913112050.jpg,00069,train
Tobacco_Caterpillar_B__00069IMG_00069_BURST20190913112429.jpg,00069,train
Tobacco_Caterpillar_B__00069IMG_00069_BURST20190913112603.jpg,00069,train
Tobacco_Caterpillar_B__00070IMG_00070_BURST20190913111032.jpg,00070,train
Tobacco_Caterpillar_B__00070IMG_00070_BURST20190913111207.jpg,00070,train
Tobacco_Caterpillar_B__00070IMG_00070_BURST20190913111401.jpg,00070,train
Tobacco_Caterpillar_B__00070IMG_00070_BURST20190913111528.jpg,00070,train
Tobacco_Caterpillar_B__00070IMG_00070_BURST20190913111831.jpg,00070,train
Tobacco_Caterpillar_B__00070IMG_00070_BURST20190913112050.jpg,00070,train
Tobacco_Caterpillar_B__00070IMG_00070_BURST20190913112300.jpg,00070,train
Tobacco_Caterpillar_B__00070IMG_00070_BURST20190913112603.jpg,00070,train
Tobacco_Caterpillar_B__00071IMG_00071_BURST20190913111032.jpg,00071,train
Tobacco_Caterpillar_B__00071IMG_00071_BURST20190913111528.jpg,00071,train
Tobacco_Caterpillar_B__00071IMG_00071_BURST20190913111831.jpg,00071,train
Tobacco_Caterpillar_B__00071IMG_00071_BURST20190913112300.jpg,00071,train
Tobacco_Caterpillar_B__00071IMG_00071_BURST20190913112603.jpg,00071,train
Tobacco_Caterpillar_B__00072IMG_00072_BURST20190913111207.jpg,00072,train
Tobacco_Caterpillar_B__00072IMG_00072_BURST20190913111528.jpg,00072,train
Tobacco_Caterpillar_B__00072IMG_00072_BURST20190913111831.jpg,00072,train
Tobacco_Caterpillar_B__00072IMG_00072_BURST20190913112050.jpg,00072,train
Tobacco_Caterpillar_B__00072IMG_00072_BURST20190913112429.jpg,00072,train
Tobacco_Caterpillar_B__00072IMG_00072_BURST20190913112603.jpg,00072,train
Tobacco_Caterpillar_B__00073IMG_00073_BURST20190913111032.jpg,00073,train
Tobacco_Caterpillar_B__00073IMG_00073_BURST20190913111207.jpg,00073,train
Tobacco_Caterpillar_B__00073IMG_00073_BURST20190913111528.jpg,00073,train
Tobacco_Caterpillar_B__00073IMG_00073_BURST20190913111831.jpg,00073,train
Tobacco_Caterpillar_B__00073IMG_00073_BURST20190913112300.jpg,00073,train
Tobacco_Caterpillar_B__00074IMG_00074_BURST20190913111032.jpg,00074,train
Tobacco_Caterpillar_B__00074IMG_00074_BURST20190913111207.jpg,00074,train
Tobacco_Caterpillar_B__00074IMG_00074_BURST20190913111652.jpg,00074,train
Tobacco_Caterpillar_B__00074IMG_00074_BURST20190913112050.jpg,00074,train
Tobacco_Caterpillar_B__00074IMG_00074_BURST20190913112300.jpg,00074,train
Tobacco_Caterpillar_B__00074IMG_00074_BURST20190913112429.jpg,00074,train
Tobacco_Caterpillar_B__00074IMG_00074_BURST20190913112603.jpg,00074,train
Tobacco_Caterpillar_B__00075IMG_00075_BURST20190913111207.jpg,00075,train
Tobacco_Caterpillar_B__00075IMG_00075_BURST20190913111528.jpg,00075,train
Tobacco_Caterpillar_B__00075IMG_00075_BURST20190913111652.jpg,00075,train
Tobacco_Caterpillar_B__00075IMG_00075_BURST20190913111831.jpg,00075,train
Tobacco_Caterpillar_B__00075IMG_00075_BURST20190913112429.jpg,00075,train
Tobacco_Caterpillar_B__00075IMG_00075_BURST20190913112603.jpg,00075,train
Tobacco_Caterpillar_B__00076IMG_00076_BURST20190913111032.jpg,00076,train
Tobacco_Caterpillar_B__00076IMG_00076_BURST20190913111207.jpg,00076,train
Tobacco_Caterpillar_B__00076IMG_00076_BURST20190913111528.jpg,00076,train
Tobacco_Caterpillar_B__00076IMG_00076_BURST20190913111831.jpg,00076,train
Tobacco_Caterpillar_B__00076IMG_00076_BURST20190913112050.jpg,00076,train
Tobacco_Caterpillar_B__00076IMG_00076_BURST20190913112300.jpg,00076,train
Tobacco_Caterpillar_B__00077IMG_00077_BURST20190913111207.jpg,00077,train
Tobacco_Caterpillar_B__00077IMG_00077_BURST20190913111401.jpg,00077,train
Tobacco_Caterpillar_B__00077IMG_00077_BURST20190913111528.jpg,00077,train
Tobacco_Caterpillar_B__00077IMG_00077_BURST20190913111652.jpg,00077,train
Tobacco_Caterpillar_B__00077IMG_00077_BURST20190913111831.jpg,00077,train
Tobacco_Caterpillar_B__00077IMG_00077_BURST20190913112429.jpg,00077,train
Tobacco_Caterpillar_B__00078IMG_00078_BURST20190913111401.jpg,00078,train
Tobacco_Caterpillar_B__00078IMG_00078_BURST20190913111528.jpg,00078,train
Tobacco_Caterpillar_B__00078IMG_00078_BURST20190913111652.jpg,00078,train
Tobacco_Caterpillar_B__00078IMG_00078_BURST20190913111831.jpg,00078,train
Tobacco_Caterpillar_B__00078IMG_00078_BURST20190913112050.jpg,00078,train
Tobacco_Caterpillar_B__00078IMG_00078_BURST20190913112300.jpg,00078,train
Tobacco_Caterpillar_B__00078IMG_00078_BURST20190913112429.jpg,00078,train
Tobacco_Caterpillar_B__00078IMG_00078_BURST20190913112603.jpg,00078,train
Tobacco_Caterpillar_B__00079IMG_00079_BURST20190913111401.jpg,00079,train
Tobacco_Caterpillar_B__00079IMG_00079_BURST20190913111528.jpg,00079,train
Tobacco_Caterpillar_B__00079IMG_00079_BURST20190913111652.jpg,00079,train
Tobacco_Caterpillar_B__00079IMG_00079_BURST20190913111831.jpg,00079,train
Tobacco_Caterpillar_B__00079IMG_00079_BURST20190913112050.jpg,00079,train
Tobacco_Caterpillar_B__00079IMG_00079_BURST20190913112300.jpg,00079,train
Tobacco_Caterpillar_B__00079IMG_00079_BURST20190913112429.jpg,00079,train
Tobacco_Caterpillar_B__00080IMG_00080_BURST20190913111032.jpg,00080,train
Tobacco_Caterpillar_B__00080IMG_00080_BURST20190913111207.jpg,00080,train
Tobacco_Caterpillar_B__00080IMG_00080_BURST20190913111401.jpg,00080,train
Tobacco_Caterpillar_B__00080IMG_00080_BURST20190913111528.jpg,00080,train
Tobacco_Caterpillar_B__00080IMG_00080_BURST20190913111652.jpg,00080,train
Tobacco_Caterpillar_B__00080IMG_00080_BURST20190913111831.jpg,00080,train
Tobacco_Caterpillar_B__00080IMG_00080_BURST20190913112603.jpg,00080,train
Tobacco_Caterpillar_B__00081IMG_00081_BURST20190913111032.jpg,00081,train
Tobacco_Caterpillar_B__00081IMG_00081_BURST20190913111528.jpg,00081,train
Tobacco_Caterpillar_B__00081IMG_00081_BURST20190913111652.jpg,00081,train
Tobacco_Caterpillar_B__00081IMG_00081_BURST20190913112603.jpg,00081,train
Tobacco_Caterpillar_B__00082IMG_00082_BURST20190913111032.jpg,00082,train
Tobacco_Caterpillar_B__00082IMG_00082_BURST20190913111207.jpg,00082,train
Tobacco_Caterpillar_B__00082IMG_00082_BURST20190913111401.jpg,00082,train
Tobacco_Caterpillar_B__00082IMG_00082_BURST20190913111528.jpg,00082,train
Tobacco_Caterpillar_B__00082IMG_00082_BURST20190913111652.jpg,00082,train
Tobacco_Caterpillar_B__00082IMG_00082_BURST20190913112050.jpg,00082,train
Tobacco_Caterpillar_B__00082IMG_00082_BURST20190913112300.jpg,00082,train
Tobacco_Caterpillar_B__00082IMG_00082_BURST20190913112429.jpg,00082,train
Tobacco_Caterpillar_B__00082IMG_00082_BURST20190913112603.jpg,00082,train
Tobacco_Caterpillar_B__00083IMG_00083_BURST20190913111032.jpg,00083,train
Tobacco_Caterpillar_B__00083IMG_00083_BURST20190913111401.jpg,00083,train
Tobacco_Caterpillar_B__00083IMG_00083_BURST20190913111528.jpg,00083,train
Tobacco_Caterpillar_B__00083IMG_00083_BURST20190913111652.jpg,00083,train
Tobacco_Caterpillar_B__00083IMG_00083_BURST20190913111831.jpg,00083,train
Tobacco_Caterpillar_B__00083IMG_00083_BURST20190913112050.jpg,00083,train
Tobacco_Caterpillar_B__00083IMG_00083_BURST20190913112300.jpg,00083,train
Tobacco_Caterpillar_B__00083IMG_00083_BURST20190913112429.jpg,00083,train
Tobacco_Caterpillar_B__00084IMG_00084_BURST20190913111207.jpg,00084,train
Tobacco_Caterpillar_B__00084IMG_00084_BURST20190913111401.jpg,00084,train
Tobacco_Caterpillar_B__00084IMG_00084_BURST20190913111831.jpg,00084,train
Tobacco_Caterpillar_B__00084IMG_00084_BURST20190913112050.jpg,00084,train
Tobacco_Caterpillar_B__00084IMG_00084_BURST20190913112429.jpg,00084,train
Tobacco_Caterpillar_B__00084IMG_00084_BURST20190913112603.jpg,00084,train
Tobacco_Caterpillar_B__00085IMG_00085_BURST20190913111032.jpg,00085,train
Tobacco_Caterpillar_B__00085IMG_00085_BURST20190913111207.jpg,00085,train
Tobacco_Caterpillar_B__00085IMG_00085_BURST20190913111401.jpg,00085,train
Tobacco_Caterpillar_B__00085IMG_00085_BURST20190913111528.jpg,00085,train
Tobacco_Caterpillar_B__00085IMG_00085_BURST20190913111652.jpg,00085,train
Tobacco_Caterpillar_B__00085IMG_00085_BURST20190913111831.jpg,00085,train
Tobacco_Caterpillar_B__00085IMG_00085_BURST20190913112050.jpg,00085,train
Tobacco_Caterpillar_B__00085IMG_00085_BURST20190913112300.jpg,00085,train
Tobacco_Caterpillar_B__00085IMG_00085_BURST20190913112429.jpg,00085,train
Tobacco_Caterpillar_B__00085IMG_00085_BURST20190913112603.jpg,00085,train
Tobacco_Caterpillar_B__00086IMG_00086_BURST20190913111032.jpg,00086,train
Tobacco_Caterpillar_B__00086IMG_00086_BURST20190913111207.jpg,00086,train
Tobacco_Caterpillar_B__00086IMG_00086_BURST20190913111401.jpg,00086,train
Tobacco_Caterpillar_B__00086IMG_00086_BURST20190913111528.jpg,00086,train
Tobacco_Caterpillar_B__00086IMG_00086_BURST20190913111652.jpg,00086,train
Tobacco_Caterpillar_B__00086IMG_00086_BURST20190913112300.jpg,00086,train
Tobacco_Caterpillar_B__00086IMG_00086_BURST20190913112429.jpg,00086,train
Tobacco_Caterpillar_B__00086IMG_00086_BURST20190913112603.jpg,00086,train
Tobacco_Caterpillar_B__00087IMG_00087_BURST20190913111207.jpg,00087,train
Tobacco_Caterpillar_B__00087IMG_00087_BURST20190913111401.jpg,00087,train
Tobacco_Caterpillar_B__00087IMG_00087_BURST20190913111652.jpg,00087,train
Tobacco_Caterpillar_B__00087IMG_00087_BURST20190913111831.jpg,00087,train
Tobacco_Caterpillar_B__00087IMG_00087_BURST20190913112050.jpg,00087,train
Tobacco_Caterpillar_B__00087IMG_00087_BURST20190913112300.jpg,00087,train
Tobacco_Caterpillar_B__00087IMG_00087_BURST20190913112429.jpg,00087,train
Tobacco_Caterpillar_B__00087IMG_00087_BURST20190913112603.jpg,00087,train
Tobacco_Caterpillar_B__00088IMG_00088_BURST20190913111032.jpg,00088,train
Tobacco_Caterpillar_B__00088IMG_00088_BURST20190913111207.jpg,00088,train
Tobacco_Caterpillar_B__00088IMG_00088_BURST20190913111401.jpg,00088,train
Tobacco_Caterpillar_B__00088IMG_00088_BURST20190913111528.jpg,00088,train
Tobacco_Caterpillar_B__00088IMG_00088_BURST20190913111652.jpg,00088,train
Tobacco_Caterpillar_B__00088IMG_00088_BURST20190913111831.jpg,00088,train
Tobacco_Caterpillar_B__00088IMG_00088_BURST20190913112050.jpg,00088,train
Tobacco_Caterpillar_B__00088IMG_00088_BURST20190913112300.jpg,00088,train
Tobacco_Caterpillar_B__00088IMG_00088_BURST20190913112429.jpg,00088,train
Tobacco_Caterpillar_B__00089IMG_00089_BURST20190913111401.jpg,00089,train
Tobacco_Caterpillar_B__00089IMG_00089_BURST20190913111652.jpg,00089,train
Tobacco_Caterpillar_B__00089IMG_00089_BURST20190913112050.jpg,00089,train
Tobacco_Caterpillar_B__00089IMG_00089_BURST20190913112300.jpg,00089,train
Tobacco_Caterpillar_B__00089IMG_00089_BURST20190913112429.jpg,00089,train
Tobacco_Caterpillar_B__00089IMG_00089_BURST20190913112603.jpg,00089,train
Tobacco_Caterpillar_B__00090IMG_00090_BURST20190913111032.jpg,00090,train
Tobacco_Caterpillar_B__00090IMG_00090_BURST20190913111207.jpg,00090,train
Tobacco_Caterpillar_B__00090IMG_00090_BURST20190913111401.jpg,00090,train
Tobacco_Caterpillar_B__00090IMG_00090_BURST20190913111528.jpg,00090,train
Tobacco_Caterpillar_B__00090IMG_00090_BURST20190913111652.jpg,00090,train
Tobacco_Caterpillar_B__00090IMG_00090_BURST20190913111831.jpg,00090,train
Tobacco_Caterpillar_B__00090IMG_00090_BURST20190913112429.jpg,00090,train
Tobacco_Caterpillar_B__00090IMG_00090_BURST20190913112603.jpg,00090,train
Tobacco_Caterpillar_B__00091IMG_00091_BURST20190913111032.jpg,00091,train
Tobacco_Caterpillar_B__00091IMG_00091_BURST20190913111207.jpg,00091,train
Tobacco_Caterpillar_B__00091IMG_00091_BURST20190913111401.jpg,00091,train
Tobacco_Caterpillar_B__00091IMG_00091_BURST20190913111528.jpg,00091,train
Tobacco_Caterpillar_B__00091IMG_00091_BURST20190913111652.jpg,00091,train
Tobacco_Caterpillar_B__00091IMG_00091_BURST20190913111831.jpg,00091,train
Tobacco_Caterpillar_B__00091IMG_00091_BURST20190913112050.jpg,00091,train
Tobacco_Caterpillar_B__00091IMG_00091_BURST20190913112429.jpg,00091,train
Tobacco_Caterpillar_B__00092IMG_00092_BURST20190913111032.jpg,00092,train
Tobacco_Caterpillar_B__00092IMG_00092_BURST20190913111401.jpg,00092,train
Tobacco_Caterpillar_B__00092IMG_00092_BURST20190913111528.jpg,00092,train
Tobacco_Caterpillar_B__00092IMG_00092_BURST20190913111652.jpg,00092,train
Tobacco_Caterpillar_B__00092IMG_00092_BURST20190913111831.jpg,00092,train
Tobacco_Caterpillar_B__00092IMG_00092_BURST20190913112050.jpg,00092,train
Tobacco_Caterpillar_B__00092IMG_00092_BURST20190913112300.jpg,00092,train
Tobacco_Caterpillar_B__00092IMG_00092_BURST20190913112603.jpg,00092,train
Tobacco_Caterpillar_B__00093IMG_00093_BURST20190913111032.jpg,00093,train
Tobacco_Caterpillar_B__00093IMG_00093_BURST20190913111207.jpg,00093,train
Tobacco_Caterpillar_B__00093IMG_00093_BURST20190913111401.jpg,00093,train
Tobacco_Caterpillar_B__00093IMG_00093_BURST20190913111652.jpg,00093,train
Tobacco_Caterpillar_B__00093IMG_00093_BURST20190913111831.jpg,00093,train
Tobacco_Caterpillar_B__00093IMG_00093_BURST20190913112300.jpg,00093,train
Tobacco_Caterpillar_B__00093IMG_00093_BURST20190913112429.jpg,00093,train
Tobacco_Caterpillar_B__00093IMG_00093_BURST20190913112603.jpg,00093,train
Tobacco_Caterpillar_B__00094IMG_00094_BURST20190913111831.jpg,00094,train
Tobacco_Caterpillar_B__00094IMG_00094_BURST20190913112050.jpg,00094,train
Tobacco_Caterpillar_B__00094IMG_00094_BURST20190913112429.jpg,00094,train
Tobacco_Caterpillar_B__00094IMG_00094_BURST20190913112603.jpg,00094,train
Tobacco_Caterpillar_B__00095IMG_00095_BURST20190913111032.jpg,00095,train
Tobacco_Caterpillar_B__00095IMG_00095_BURST20190913111207.jpg,00095,train
Tobacco_Caterpillar_B__00095IMG_00095_BURST20190913111401.jpg,00095,train
Tobacco_Caterpillar_B__00095IMG_00095_BURST20190913112050.jpg,00095,train
Tobacco_Caterpillar_B__00095IMG_00095_BURST20190913112300.jpg,00095,train
Tobacco_Caterpillar_B__00095IMG_00095_BURST20190913112429.jpg,00095,train
Tobacco_Caterpillar_B__00095IMG_00095_BURST20190913112603.jpg,00095,train
Tobacco_Caterpillar_B__00096IMG_00096_BURST20190913111032.jpg,00096,train
Tobacco_Caterpillar_B__00096IMG_00096_BURST20190913111207.jpg,00096,train
Tobacco_Caterpillar_B__00096IMG_00096_BURST20190913111401.jpg,00096,train
Tobacco_Caterpillar_B__00096IMG_00096_BURST20190913111528.jpg,00096,train
Tobacco_Caterpillar_B__00096IMG_00096_BURST20190913111831.jpg,00096,train
Tobacco_Caterpillar_B__00096IMG_00096_BURST20190913112050.jpg,00096,train
Tobacco_Caterpillar_B__00096IMG_00096_BURST20190913112429.jpg,00096,train
Tobacco_Caterpillar_B__00096IMG_00096_BURST20190913112603.jpg,00096,train
Tobacco_Caterpillar_B__00097IMG_00097_BURST20190913111401.jpg,00097,train
Tobacco_Caterpillar_B__00097IMG_00097_BURST20190913111652.jpg,00097,train
Tobacco_Caterpillar_B__00097IMG_00097_BURST20190913111831.jpg,00097,train
Tobacco_Caterpillar_B__00097IMG_00097_BURST20190913112050.jpg,00097,train
Tobacco_Caterpillar_B__00097IMG_00097_BURST20190913112300.jpg,00097,train
Tobacco_Caterpillar_B__00097IMG_00097_BURST20190913112429.jpg,00097,train
Tobacco_Caterpillar_B__00097IMG_00097_BURST20190913112603.jpg,00097,train
Tobacco_Caterpillar_B__00098IMG_00098_BURST20190913111032.jpg,00098,train
Tobacco_Caterpillar_B__00098IMG_00098_BURST20190913111207.jpg,00098,train
Tobacco_Caterpillar_B__00098IMG_00098_BURST20190913111401.jpg,00098,train
Tobacco_Caterpillar_B__00098IMG_00098_BURST20190913111652.jpg,00098,train
Tobacco_Caterpillar_B__00098IMG_00098_BURST20190913111831.jpg,00098,train
Tobacco_Caterpillar_B__00098IMG_00098_BURST20190913112050.jpg,00098,train
Tobacco_Caterpillar_B__00098IMG_00098_BURST20190913112300.jpg,00098,train
Tobacco_Caterpillar_B__00098IMG_00098_BURST20190913112429.jpg,00098,train
Tobacco_Caterpillar_B__00098IMG_00098_BURST20190913112603.jpg,00098,train
Tobacco_Caterpillar_B__00099IMG_00099_BURST20190913111032.jpg,00099,train
Tobacco_Caterpillar_B__00099IMG_00099_BURST20190913111528.jpg,00099,train
Tobacco_Caterpillar_B__00099IMG_00099_BURST20190913111652.jpg,00099,train
Tobacco_Caterpillar_B__00099IMG_00099_BURST20190913111831.jpg,00099,train
Tobacco_Caterpillar_B__00099IMG_00099_BURST20190913112050.jpg,00099,train
Tobacco_Caterpillar_B__00099IMG_00099_BURST20190913112300.jpg,00099,train
Tobacco_Caterpillar_B__00099IMG_00099_BURST20190913112603.jpg,00099,train
Eocanthecona_Bug_A__00001IMG_00001_BURST20190912100618.jpg,00001,val
Eocanthecona_Bug_A__00001IMG_00001_BURST20190912101457.jpg,00001,val
Eocanthecona_Bug_A__00001IMG_00001_BURST20190913102732.jpg,00001,val
Eocanthecona_Bug_A__00002IMG_00002_BURST20190912100516.jpg,00002,val
Eocanthecona_Bug_A__00002IMG_00002_BURST20190912101836.jpg,00002,val
Eocanthecona_Bug_A__00002IMG_00002_BURST20190913102732.jpg,00002,val
Eocanthecona_Bug_A__00003IMG_00003_BURST20190912101003.jpg,00003,val
Eocanthecona_Bug_A__00003IMG_00003_BURST20190913102732.jpg,00003,val
Eocanthecona_Bug_A__00003IMG_00003_BURST20190913102845.jpg,00003,val
Eocanthecona_Bug_A__00003IMG_00003_BURST20190913115038.jpg,00003,val
Eocanthecona_Bug_A__00004IMG_00004_BURST20190912101836.jpg,00004,val
Eocanthecona_Bug_A__00004IMG_00004_BURST20190913102614.jpg,00004,val
Eocanthecona_Bug_A__00005IMG_00005_BURST20190912100618.jpg,00005,val
Eocanthecona_Bug_A__00006IMG_00006_BURST20190912100516.jpg,00006,val
Eocanthecona_Bug_A__00006IMG_00006_BURST20190913102732.jpg,00006,val
Eocanthecona_Bug_A__00006IMG_00006_BURST20190913115038.jpg,00006,val
Eocanthecona_Bug_A__00007IMG_00007_BURST20190912100516.jpg,00007,val
Eocanthecona_Bug_A__00007IMG_00007_BURST20190913103037.jpg,00007,val
Eocanthecona_Bug_A__00008IMG_00008_BURST20190912100717.jpg,00008,val
Eocanthecona_Bug_A__00008IMG_00008_BURST20190912100850.jpg,00008,val
Eocanthecona_Bug_A__00008IMG_00008_BURST20190912101631.jpg,00008,val
Eocanthecona_Bug_A__00008IMG_00008_BURST20190913103037.jpg,00008,val
Eocanthecona_Bug_A__00008IMG_00008_BURST20190913115038.jpg,00008,val
Eocanthecona_Bug_A__00009IMG_00009_BURST20190912100618.jpg,00009,val
Eocanthecona_Bug_A__00009IMG_00009_BURST20190912101022.jpg,00009,val
Eocanthecona_Bug_A__00009IMG_00009_BURST20190912101457.jpg,00009,val
Eocanthecona_Bug_A__00010IMG_00010_BURST20190912100618.jpg,00010,val
Eocanthecona_Bug_A__00010IMG_00010_BURST20190912101631.jpg,00010,val
Eocanthecona_Bug_A__00011IMG_00011_BURST20190912101631.jpg,00011,val
Eocanthecona_Bug_A__00012IMG_00012_BURST20190912100717.jpg,00012,val
Eocanthecona_Bug_A__00012IMG_00012_BURST20190912101003.jpg,00012,val
Eocanthecona_Bug_A__00012IMG_00012_BURST20190912101836.jpg,00012,val
Eocanthecona_Bug_A__00012IMG_00012_BURST20190913102614.jpg,00012,val
Eocanthecona_Bug_A__00012IMG_00012_BURST20190913102732.jpg,00012,val
Eocanthecona_Bug_A__00013IMG_00013_BURST20190912100516.jpg,00013,val
Eocanthecona_Bug_A__00013IMG_00013_BURST20190912100850.jpg,00013,val
Eocanthecona_Bug_A__00013IMG_00013_BURST20190913115038.jpg,00013,val
Eocanthecona_Bug_A__00014IMG_00014_BURST20190912100516.jpg,00014,val
Eocanthecona_Bug_A__00014IMG_00014_BURST20190912101022.jpg,00014,val
Eocanthecona_Bug_A__00014IMG_00014_BURST20190912101836.jpg,00014,val
Eocanthecona_Bug_A__00015IMG_00015_BURST20190913102732.jpg,00015,val
Eocanthecona_Bug_A__00015IMG_00015_BURST20190913115038.jpg,00015,val
Eocanthecona_Bug_A__00016IMG_00016_BURST20190912100618.jpg,00016,val
Eocanthecona_Bug_A__00016IMG_00016_BURST20190912101003.jpg,00016,val
Eocanthecona_Bug_A__00016IMG_00016_BURST20190913102732.jpg,00016,val
Eocanthecona_Bug_A__00017IMG_00017_BURST20190912100516.jpg,00017,val
Eocanthecona_Bug_A__00017IMG_00017_BURST20190913102732.jpg,00017,val
Eocanthecona_Bug_A__00017IMG_00017_BURST20190913103037.jpg,00017,val
Eocanthecona_Bug_A__00018IMG_00018_BURST20190912100850.jpg,00018,val
Eocanthecona_Bug_A__00018IMG_00018_BURST20190913102614.jpg,00018,val
Eocanthecona_Bug_A__00018IMG_00018_BURST20190913102845.jpg,00018,val
Eocanthecona_Bug_A__00019IMG_00019_BURST20190912100516.jpg,00019,val
Eocanthecona_Bug_A__00019IMG_00019_BURST20190912101631.jpg,00019,val
Eocanthecona_Bug_A__00020IMG_00020_BURST20190912100618.jpg,00020,val
Eocanthecona_Bug_A__00020IMG_00020_BURST20190912101457.jpg,00020,val
Eocanthecona_Bug_A__00021IMG_00021_BURST20190912100850.jpg,00021,val
Eocanthecona_Bug_A__00021IMG_00021_BURST20190912101457.jpg,00021,val
Eocanthecona_Bug_A__00021IMG_00021_BURST20190912101631.jpg,00021,val
Eocanthecona_Bug_A__00021IMG_00021_BURST20190912101836.jpg,00021,val
Eocanthecona_Bug_A__00021IMG_00021_BURST20190913103037.jpg,00021,val
Eocanthecona_Bug_A__00022IMG_00022_BURST20190912100850.jpg,00022,val
Eocanthecona_Bug_A__00022IMG_00022_BURST20190913102732.jpg,00022,val
Eocanthecona_Bug_A__00022IMG_00022_BURST20190913102845.jpg,00022,val
Eocanthecona_Bug_A__00022IMG_00022_BURST20190913115038.jpg,00022,val
Eocanthecona_Bug_A__00023IMG_00023_BURST20190912100717.jpg,00023,val
Eocanthecona_Bug_A__00023IMG_00023_BURST20190912101631.jpg,00023,val
Eocanthecona_Bug_A__00023IMG_00023_BURST20190913102845.jpg,00023,val
Eocanthecona_Bug_A__00024IMG_00024_BURST20190912100850.jpg,00024,val
Eocanthecona_Bug_A__00025IMG_00025_BURST20190912100618.jpg,00025,val
Eocanthecona_Bug_A__00025IMG_00025_BURST20190912100717.jpg,00025,val
Eocanthecona_Bug_A__00025IMG_00025_BURST20190912100850.jpg,00025,val
Eocanthecona_Bug_A__00025IMG_00025_BURST20190912101457.jpg,00025,val
Eocanthecona_Bug_A__00025IMG_00025_BURST20190913102614.jpg,00025,val
Eocanthecona_Bug_A__00026IMG_00026_BURST20190912100850.jpg,00026,val
Eocanthecona_Bug_A__00026IMG_00026_BURST20190912101836.jpg,00026,val
Eocanthecona_Bug_A__00026IMG_00026_BURST20190913102614.jpg,00026,val
Eocanthecona_Bug_A__00027IMG_00027_BURST20190912100618.jpg,00027,val
Eocanthecona_Bug_A__00028IMG_00028_BURST20190913102614.jpg,00028,val
Eocanthecona_Bug_A__00028IMG_00028_BURST20190913102732.jpg,00028,val
Eocanthecona_Bug_A__00029IMG_00029_BURST20190912100516.jpg,00029,val
Eocanthecona_Bug_A__00029IMG_00029_BURST20190912100850.jpg,00029,val
Eocanthecona_Bug_A__00031IMG_00031_BURST20190912100850.jpg,00031,val
Eocanthecona_Bug_A__00031IMG_00031_BURST20190912101631.jpg,00031,val
Eocanthecona_Bug_A__00031IMG_00031_BURST20190913102614.jpg,00031,val
Eocanthecona_Bug_A__00032IMG_00032_BURST20190912100618.jpg,00032,val
Eocanthecona_Bug_A__00032IMG_00032_BURST20190912101022.jpg,00032,val
Eocanthecona_Bug_A__00032IMG_00032_BURST20190912101457.jpg,00032,val
Eocanthecona_Bug_A__00032IMG_00032_BURST20190913102614.jpg,00032,val
Eocanthecona_Bug_A__00033IMG_00033_BURST20190912100850.jpg,00033,val
Eocanthecona_Bug_A__00033IMG_00033_BURST20190912101836.jpg,00033,val
Eocanthecona_Bug_A__00033IMG_00033_BURST20190913102732.jpg,00033,val
Eocanthecona_Bug_A__00034IMG_00034_BURST20190912100516.jpg,00034,val
Eocanthecona_Bug_A__00034IMG_00034_BURST20190912100717.jpg,00034,val
Eocanthecona_Bug_A__00035IMG_00035_BURST20190913115038.jpg,00035,val
Eocanthecona_Bug_A__00036IMG_00036_BURST20190912100516.jpg,00036,val
Eocanthecona_Bug_A__00036IMG_00036_BURST20190912100717.jpg,00036,val
Eocanthecona_Bug_A__00036IMG_00036_BURST20190912101022.jpg,00036,val
Eocanthecona_Bug_A__00036IMG_00036_BURST20190912101457.jpg,00036,val
Eocanthecona_Bug_A__00037IMG_00037_BURST20190912101022.jpg,00037,val
Eocanthecona_Bug_A__00037IMG_00037_BURST20190913102614.jpg,00037,val
Eocanthecona_Bug_A__00037IMG_00037_BURST20190913102845.jpg,00037,val
Eocanthecona_Bug_A__00038IMG_00038_BURST20190912100516.jpg,00038,val
Eocanthecona_Bug_A__00038IMG_00038_BURST20190912100850.jpg,00038,val
Eocanthecona_Bug_A__00039IMG_00039_BURST20190912100717.jpg,00039,val
Eocanthecona_Bug_A__00039IMG_00039_BURST20190912100850.jpg,00039,val
Eocanthecona_Bug_A__00039IMG_00039_BURST20190913102845.jpg,00039,val
Eocanthecona_Bug_A__00039IMG_00039_BURST20190913103037.jpg,00039,val
Eocanthecona_Bug_A__00040IMG_00040_BURST20190912100618.jpg,00040,val
Eocanthecona_Bug_A__00040IMG_00040_BURST20190912100717.jpg,00040,val
Eocanthecona_Bug_A__00041IMG_00041_BURST20190912100717.jpg,00041,val
Eocanthecona_Bug_A__00041IMG_00041_BURST20190912100850.jpg,00041,val
Eocanthecona_Bug_A__00041IMG_00041_BURST20190913102732.jpg,00041,val
Eocanthecona_Bug_A__00042IMG_00042_BURST20190912100516.jpg,00042,val
Eocanthecona_Bug_A__00042IMG_00042_BURST20190912101022.jpg,00042,val
Eocanthecona_Bug_A__00042IMG_00042_BURST20190913102732.jpg,00042,val
Eocanthecona_Bug_A__00044IMG_00044_BURST20190913102845.jpg,00044,val
Eocanthecona_Bug_A__00046IMG_00046_BURST20190912101457.jpg,00046,val
Eocanthecona_Bug_A__00046IMG_00046_BURST20190912101631.jpg,00046,val
Eocanthecona_Bug_A__00046IMG_00046_BURST20190913102614.jpg,00046,val
Eocanthecona_Bug_A__00046IMG_00046_BURST20190913115038.jpg,00046,val
Eocanthecona_Bug_A__00047IMG_00047_BURST20190912100516.jpg,00047,val
Eocanthecona_Bug_A__00047IMG_00047_BURST20190912101631.jpg,00047,val
Eocanthecona_Bug_A__00047IMG_00047_BURST20190913102845.jpg,00047,val
Eocanthecona_Bug_A__00048IMG_00048_BURST20190912100516.jpg,00048,val
Eocanthecona_Bug_A__00048IMG_00048_BURST20190912100618.jpg,00048,val
Eocanthecona_Bug_A__00048IMG_00048_BURST20190913102732.jpg,00048,val
Eocanthecona_Bug_A__00049IMG_00049_BURST20190912101022.jpg,00049,val
Eocanthecona_Bug_A__00049IMG_00049_BURST20190912101631.jpg,00049,val
Eocanthecona_Bug_A__00049IMG_00049_BURST20190912101836.jpg,00049,val
Eocanthecona_Bug_A__00049IMG_00049_BURST20190913102732.jpg,00049,val
Eocanthecona_Bug_A__00050IMG_00050_BURST20190912100618.jpg,00050,val
Eocanthecona_Bug_A__00050IMG_00050_BURST20190912100717.jpg,00050,val
Eocanthecona_Bug_A__00051IMG_00051_BURST20190912100717.jpg,00051,val
Eocanthecona_Bug_A__00051IMG_00051_BURST20190912101836.jpg,00051,val
Eocanthecona_Bug_A__00052IMG_00052_BURST20190912100850.jpg,00052,val
Eocanthecona_Bug_A__00052IMG_00052_BURST20190913103037.jpg,00052,val
Eocanthecona_Bug_A__00053IMG_00053_BURST20190912101631.jpg,00053,val
Eocanthecona_Bug_A__00054IMG_00054_BURST20190913102732.jpg,00054,val
Eocanthecona_Bug_A__00054IMG_00054_BURST20190913102845.jpg,00054,val
Eocanthecona_Bug_A__00055IMG_00055_BURST20190912100717.jpg,00055,val
Eocanthecona_Bug_A__00055IMG_00055_BURST20190912101457.jpg,00055,val
Eocanthecona_Bug_A__00055IMG_00055_BURST20190912101631.jpg,00055,val
Eocanthecona_Bug_A__00055IMG_00055_BURST20190913102845.jpg,00055,val
Eocanthecona_Bug_A__00056IMG_00056_BURST20190912101631.jpg,00056,val
Eocanthecona_Bug_A__00057IMG_00057_BURST20190912100717.jpg,00057,val
Eocanthecona_Bug_A__00057IMG_00057_BURST20190912100850.jpg,00057,val
Eocanthecona_Bug_A__00058IMG_00058_BURST20190912100618.jpg,00058,val
Eocanthecona_Bug_A__00058IMG_00058_BURST20190912101022.jpg,00058,val
Eocanthecona_Bug_A__00058IMG_00058_BURST20190912101836.jpg,00058,val
Eocanthecona_Bug_A__00059IMG_00059_BURST20190913103037.jpg,00059,val
Eocanthecona_Bug_A__00060IMG_00060_BURST20190912100717.jpg,00060,val
Eocanthecona_Bug_A__00060IMG_00060_BURST20190912101457.jpg,00060,val
Eocanthecona_Bug_A__00060IMG_00060_BURST20190913102614.jpg,00060,val
Eocanthecona_Bug_A__00060IMG_00060_BURST20190913103037.jpg,00060,val
Eocanthecona_Bug_A__00061IMG_00061_BURST20190912100717.jpg,00061,val
Eocanthecona_Bug_A__00061IMG_00061_BURST20190912100850.jpg,00061,val
Eocanthecona_Bug_A__00062IMG_00062_BURST20190912100618.jpg,00062,val
Eocanthecona_Bug_A__00062IMG_00062_BURST20190912101022.jpg,00062,val
Eocanthecona_Bug_A__00062IMG_00062_BURST20190912101631.jpg,00062,val
Eocanthecona_Bug_A__00062IMG_00062_BURST20190913102732.jpg,00062,val
Eocanthecona_Bug_A__00062IMG_00062_BURST20190913102845.jpg,00062,val
Eocanthecona_Bug_A__00062IMG_00062_BURST20190913103037.jpg,00062,val
Eocanthecona_Bug_A__00064IMG_00064_BURST20190912100618.jpg,00064,val
Eocanthecona_Bug_A__00064IMG_00064_BURST20190912101022.jpg,00064,val
Eocanthecona_Bug_A__00065IMG_00065_BURST20190912100717.jpg,00065,val
Eocanthecona_Bug_A__00065IMG_00065_BURST20190912101631.jpg,00065,val
Eocanthecona_Bug_A__00066IMG_00066_BURST20190912100717.jpg,00066,val
Eocanthecona_Bug_A__00066IMG_00066_BURST20190912101022.jpg,00066,val
Eocanthecona_Bug_A__00066IMG_00066_BURST20190913102614.jpg,00066,val
Eocanthecona_Bug_A__00066IMG_00066_BURST20190913102845.jpg,00066,val
Eocanthecona_Bug_A__00067IMG_00067_BURST20190912100850.jpg,00067,val
Eocanthecona_Bug_A__00067IMG_00067_BURST20190912101631.jpg,00067,val
Eocanthecona_Bug_A__00068IMG_00068_BURST20190912101022.jpg,00068,val
Eocanthecona_Bug_A__00068IMG_00068_BURST20190913102732.jpg,00068,val
Eocanthecona_Bug_A__00068IMG_00068_BURST20190913102845.jpg,00068,val
Eocanthecona_Bug_A__00069IMG_00069_BURST20190912100717.jpg,00069,val
Eocanthecona_Bug_A__00069IMG_00069_BURST20190913102732.jpg,00069,val
Eocanthecona_Bug_A__00070IMG_00070_BURST20190912100618.jpg,00070,val
Eocanthecona_Bug_A__00070IMG_00070_BURST20190912101457.jpg,00070,val
Eocanthecona_Bug_A__00070IMG_00070_BURST20190912101836.jpg,00070,val
Eocanthecona_Bug_A__00070IMG_00070_BURST20190913115038.jpg,00070,val
Eocanthecona_Bug_A__00071IMG_00071_BURST20190912101631.jpg,00071,val
Eocanthecona_Bug_A__00072IMG_00072_BURST20190912100618.jpg,00072,val
Eocanthecona_Bug_A__00072IMG_00072_BURST20190912100717.jpg,00072,val
Eocanthecona_Bug_A__00073IMG_00073_BURST20190912100717.jpg,00073,val
Eocanthecona_Bug_A__00073IMG_00073_BURST20190912101457.jpg,00073,val
Eocanthecona_Bug_A__00073IMG_00073_BURST20190912101631.jpg,00073,val
Eocanthecona_Bug_A__00074IMG_00074_BURST20190912100717.jpg,00074,val
Eocanthecona_Bug_A__00074IMG_00074_BURST20190912101836.jpg,00074,val
Eocanthecona_Bug_A__00074IMG_00074_BURST20190913102732.jpg,00074,val
Eocanthecona_Bug_A__00074IMG_00074_BURST20190913102845.jpg,00074,val
Eocanthecona_Bug_A__00075IMG_00075_BURST20190912101022.jpg,00075,val
Eocanthecona_Bug_A__00075IMG_00075_BURST20190913115038.jpg,00075,val
Eocanthecona_Bug_A__00076IMG_00076_BURST20190912100717.jpg,00076,val
Eocanthecona_Bug_A__00076IMG_00076_BURST20190912101457.jpg,00076,val
Eocanthecona_Bug_A__00076IMG_00076_BURST20190912101836.jpg,00076,val
Eocanthecona_Bug_A__00076IMG_00076_BURST20190913103037.jpg,00076,val
Eocanthecona_Bug_A__00077IMG_00077_BURST20190912101457.jpg,00077,val
Eocanthecona_Bug_A__00077IMG_00077_BURST20190912101836.jpg,00077,val
Eocanthecona_Bug_A__00077IMG_00077_BURST20190913102732.jpg,00077,val
Eocanthecona_Bug_A__00077IMG_00077_BURST20190913102845.jpg,00077,val
Eocanthecona_Bug_A__00077IMG_00077_BURST20190913103037.jpg,00077,val
Eocanthecona_Bug_A__00078IMG_00078_BURST20190912101022.jpg,00078,val
Eocanthecona_Bug_A__00078IMG_00078_BURST20190912101836.jpg,00078,val
Eocanthecona_Bug_A__00078IMG_00078_BURST20190913103037.jpg,00078,val
Eocanthecona_Bug_A__00079IMG_00079_BURST20190912101457.jpg,00079,val
Eocanthecona_Bug_A__00079IMG_00079_BURST20190913102732.jpg,00079,val
Eocanthecona_Bug_A__00079IMG_00079_BURST20190913103037.jpg,00079,val
Eocanthecona_Bug_A__00080IMG_00080_BURST20190912101022.jpg,00080,val
Eocanthecona_Bug_A__00080IMG_00080_BURST20190912101836.jpg,00080,val
Eocanthecona_Bug_A__00080IMG_00080_BURST20190913115038.jpg,00080,val
Eocanthecona_Bug_A__00081IMG_00081_BURST20190912100850.jpg,00081,val
Eocanthecona_Bug_A__00082IMG_00082_BURST20190912100850.jpg,00082,val
Eocanthecona_Bug_A__00082IMG_00082_BURST20190913102845.jpg,00082,val
Eocanthecona_Bug_A__00083IMG_00083_BURST20190913102845.jpg,00083,val
Eocanthecona_Bug_A__00084IMG_00084_BURST20190912100850.jpg,00084,val
Eocanthecona_Bug_A__00084IMG_00084_BURST20190913102614.jpg,00084,val
Eocanthecona_Bug_A__00084IMG_00084_BURST20190913103037.jpg,00084,val
Eocanthecona_Bug_A__00084IMG_00084_BURST20190913115038.jpg,00084,val
Eocanthecona_Bug_A__00085IMG_00085_BURST20190912101457.jpg,00085,val
Eocanthecona_Bug_A__00086IMG_00086_BURST20190912101457.jpg,00086,val
Eocanthecona_Bug_A__00086IMG_00086_BURST20190913115038.jpg,00086,val
Eocanthecona_Bug_A__00087IMG_00087_BURST20190912100850.jpg,00087,val
Eocanthecona_Bug_A__00088IMG_00088_BURST20190913102614.jpg,00088,val
Eocanthecona_Bug_A__00088IMG_00088_BURST20190913115038.jpg,00088,val
Eocanthecona_Bug_A__00089IMG_00089_BURST20190912101631.jpg,00089,val
Eocanthecona_Bug_A__00089IMG_00089_BURST20190913102845.jpg,00089,val
Eocanthecona_Bug_A__00090IMG_00090_BURST20190912100850.jpg,00090,val
Eocanthecona_Bug_A__00090IMG_00090_BURST20190913102614.jpg,00090,val
Eocanthecona_Bug_A__00090IMG_00090_BURST20190913102845.jpg,00090,val
Eocanthecona_Bug_A__00091IMG_00091_BURST20190913102614.jpg,00091,val
Eocanthecona_Bug_A__00091IMG_00091_BURST20190913102732.jpg,00091,val
Eocanthecona_Bug_A__00092IMG_00092_BURST20190913102614.jpg,00092,val
Eocanthecona_Bug_A__00092IMG_00092_BURST20190913102732.jpg,00092,val
Eocanthecona_Bug_A__00092IMG_00092_BURST20190913102845.jpg,00092,val
Eocanthecona_Bug_A__00092IMG_00092_BURST20190913115038.jpg,00092,val
Eocanthecona_Bug_A__00093IMG_00093_BURST20190913102845.jpg,00093,val
Eocanthecona_Bug_A__00093IMG_00093_BURST20190913103037.jpg,00093,val
Eocanthecona_Bug_A__00093IMG_00093_BURST20190913115038.jpg,00093,val
Eocanthecona_Bug_A__00094IMG_00094_BURST20190912101457.jpg,00094,val
Eocanthecona_Bug_A__00095IMG_00095_BURST20190912101631.jpg,00095,val
Eocanthecona_Bug_A__00095IMG_00095_BURST20190913103037.jpg,00095,val
Eocanthecona_Bug_A__00095IMG_00095_BURST20190913115038.jpg,00095,val
Eocanthecona_Bug_A__00096IMG_00096_BURST20190912101631.jpg,00096,val
Eocanthecona_Bug_A__00096IMG_00096_BURST20190913102732.jpg,00096,val
Eocanthecona_Bug_A__00096IMG_00096_BURST20190913115038.jpg,00096,val
Eocanthecona_Bug_A__00097IMG_00097_BURST20190912101631.jpg,00097,val
Eocanthecona_Bug_A__00097IMG_00097_BURST20190913115038.jpg,00097,val
Eocanthecona_Bug_A__00098IMG_00098_BURST20190913102732.jpg,00098,val
Eocanthecona_Bug_A__00098IMG_00098_BURST20190913103037.jpg,00098,val
Larva_Spodoptera_D__00001IMG_00001_BURST20191001101149.jpg,00001,val
Larva_Spodoptera_D__00001IMG_00001_BURST20191001102238.jpg,00001,val
Larva_Spodoptera_D__00002IMG_00002_BURST20191001102457.jpg,00002,val
Larva_Spodoptera_D__00003IMG_00003_BURST20191001102055.jpg,00003,val
Larva_Spodoptera_D__00003IMG_00003_BURST20191001102457.jpg,00003,val
Larva_Spodoptera_D__00003IMG_00003_BURST20191001102824.jpg,00003,val
Larva_Spodoptera_D__00004IMG_00004_BURST20191001101149.jpg,00004,val
Larva_Spodoptera_D__00004IMG_00004_BURST20191001102630.jpg,00004,val
Larva_Spodoptera_D__00005IMG_00005_BURST20191001101323.jpg,00005,val
Larva_Spodoptera_D__00005IMG_00005_BURST20191001102055.jpg,00005,val
Larva_Spodoptera_D__00005IMG_00005_BURST20191001102457.jpg,00005,val
Larva_Spodoptera_D__00005IMG_00005_BURST20191001102824.jpg,00005,val
Larva_Spodoptera_D__00006IMG_00006_BURST20191001101549.jpg,00006,val
Larva_Spodoptera_D__00006IMG_00006_BURST20191001102457.jpg,00006,val
Larva_Spodoptera_D__00006IMG_00006_BURST20191001102630.jpg,00006,val
Larva_Spodoptera_D__00007IMG_00007_BURST20191001102055.jpg,00007,val
Larva_Spodoptera_D__00007IMG_00007_BURST20191001102238.jpg,00007,val
Larva_Spodoptera_D__00008IMG_00008_BURST20191001101149.jpg,00008,val
Larva_Spodoptera_D__00008IMG_00008_BURST20191001102238.jpg,00008,val
Larva_Spodoptera_D__00008IMG_00008_BURST20191001102457.jpg,00008,val
Larva_Spodoptera_D__00009IMG_00009_BURST20191001102238.jpg,00009,val
Larva_Spodoptera_D__00010IMG_00010_BURST20191001101149.jpg,00010,val
Larva_Spodoptera_D__00010IMG_00010_BURST20191001102457.jpg,00010,val
Larva_Spodoptera_D__00011IMG_00011_BURST20191001101323.jpg,00011,val
Larva_Spodoptera_D__00011IMG_00011_BURST20191001102238.jpg,00011,val
Larva_Spodoptera_D__00012IMG_00012_BURST20191001102055.jpg,00012,val
Larva_Spodoptera_D__00012IMG_00012_BURST20191001102238.jpg,00012,val
Larva_Spodoptera_D__00012IMG_00012_BURST20191001102457.jpg,00012,val
Larva_Spodoptera_D__00013IMG_00013_BURST20191001102824.jpg,00013,val
Larva_Spodoptera_D__00014IMG_00014_BURST20191001102238.jpg,00014,val
Larva_Spodoptera_D__00015IMG_00015_BURST20191001102630.jpg,00015,val
Larva_Spodoptera_D__00017IMG_00017_BURST20191001101323.jpg,00017,val
Larva_Spodoptera_D__00017IMG_00017_BURST20191001101549.jpg,00017,val
Larva_Spodoptera_D__00018IMG_00018_BURST20191001102457.jpg,00018,val
Larva_Spodoptera_D__00019IMG_00019_BURST20191001102055.jpg,00019,val
Larva_Spodoptera_D__00019IMG_00019_BURST20191001102457.jpg,00019,val
Larva_Spodoptera_D__00019IMG_00019_BURST20191001102824.jpg,00019,val
Larva_Spodoptera_D__00020IMG_00020_BURST20191001102238.jpg,00020,val
Larva_Spodoptera_D__00021IMG_00021_BURST20191001102457.jpg,00021,val
Larva_Spodoptera_D__00021IMG_00021_BURST20191001102824.jpg,00021,val
Larva_Spodoptera_D__00022IMG_00022_BURST20191001101323.jpg,00022,val
Larva_Spodoptera_D__00022IMG_00022_BURST20191001101549.jpg,00022,val
Larva_Spodoptera_D__00022IMG_00022_BURST20191001102630.jpg,00022,val
Larva_Spodoptera_D__00023IMG_00023_BURST20191001102457.jpg,00023,val
Larva_Spodoptera_D__00024IMG_00024_BURST20191001102238.jpg,00024,val
Larva_Spodoptera_D__00024IMG_00024_BURST20191001102824.jpg,00024,val
Larva_Spodoptera_D__00025IMG_00025_BURST20191001100859.jpg,00025,val
Larva_Spodoptera_D__00025IMG_00025_BURST20191001101323.jpg,00025,val
Larva_Spodoptera_D__00025IMG_00025_BURST20191001102630.jpg,00025,val
Larva_Spodoptera_D__00027IMG_00027_BURST20191001102238.jpg,00027,val
Larva_Spodoptera_D__00027IMG_00027_BURST20191001102457.jpg,00027,val
Larva_Spodoptera_D__00027IMG_00027_BURST20191001102824.jpg,00027,val
Larva_Spodoptera_D__00028IMG_00028_BURST20191001102824.jpg,00028,val
Larva_Spodoptera_D__00030IMG_00030_BURST20191001102238.jpg,00030,val
Larva_Spodoptera_D__00031IMG_00031_BURST20191001102238.jpg,00031,val
Larva_Spodoptera_D__00032IMG_00032_BURST20191001102238.jpg,00032,val
Larva_Spodoptera_D__00032IMG_00032_BURST20191001102824.jpg,00032,val
Larva_Spodoptera_D__00033IMG_00033_BURST20191001101019.jpg,00033,val
Larva_Spodoptera_D__00033IMG_00033_BURST20191001102457.jpg,00033,val
Larva_Spodoptera_D__00033IMG_00033_BURST20191001102824.jpg,00033,val
Larva_Spodoptera_D__00034IMG_00034_BURST20191001101323.jpg,00034,val
Larva_Spodoptera_D__00035IMG_00035_BURST20191001101323.jpg,00035,val
Larva_Spodoptera_D__00035IMG_00035_BURST20191001102630.jpg,00035,val
Larva_Spodoptera_D__00037IMG_00037_BURST20191001102238.jpg,00037,val
Larva_Spodoptera_D__00039IMG_00039_BURST20191001102055.jpg,00039,val
Larva_Spodoptera_D__00040IMG_00040_BURST20191001101323.jpg,00040,val
Larva_Spodoptera_D__00041IMG_00041_BURST20191001101549.jpg,00041,val
Larva_Spodoptera_D__00041IMG_00041_BURST20191001102238.jpg,00041,val
Larva_Spodoptera_D__00043IMG_00043_BURST20191001102824.jpg,00043,val
Larva_Spodoptera_D__00044IMG_00044_BURST20191001101323.jpg,00044,val
Larva_Spodoptera_D__00044IMG_00044_BURST20191001101549.jpg,00044,val
Larva_Spodoptera_D__00044IMG_00044_BURST20191001102055.jpg,00044,val
Larva_Spodoptera_D__00044IMG_00044_BURST20191001102824.jpg,00044,val
Larva_Spodoptera_D__00047IMG_00047_BURST20191001102630.jpg,00047,val
Larva_Spodoptera_D__00050IMG_00050_BURST20191001102238.jpg,00050,val
Larva_Spodoptera_D__00051IMG_00051_BURST20191001102055.jpg,00051,val
Larva_Spodoptera_D__00051IMG_00051_BURST20191001102457.jpg,00051,val
Larva_Spodoptera_D__00052IMG_00052_BURST20191001101323.jpg,00052,val
Larva_Spodoptera_D__00052IMG_00052_BURST20191001102630.jpg,00052,val
Larva_Spodoptera_D__00054IMG_00054_BURST20191001102630.jpg,00054,val
Larva_Spodoptera_D__00055IMG_00055_BURST20191001101549.jpg,00055,val
Larva_Spodoptera_D__00055IMG_00055_BURST20191001102238.jpg,00055,val
Larva_Spodoptera_D__00057IMG_00057_BURST20191001102238.jpg,00057,val
Larva_Spodoptera_D__00058IMG_00058_BURST20191001102457.jpg,00058,val
Larva_Spodoptera_D__00059IMG_00059_BURST20191001100859.jpg,00059,val
Larva_Spodoptera_D__00060IMG_00060_BURST20191001101323.jpg,00060,val
Larva_Spodoptera_D__00060IMG_00060_BURST20191001102457.jpg,00060,val
Larva_Spodoptera_D__00060IMG_00060_BURST20191001102630.jpg,00060,val
Larva_Spodoptera_D__00061IMG_00061_BURST20191001101549.jpg,00061,val
Larva_Spodoptera_D__00062IMG_00062_BURST20191001101549.jpg,00062,val
Larva_Spodoptera_D__00062IMG_00062_BURST20191001102824.jpg,00062,val
Larva_Spodoptera_D__00063IMG_00063_BURST20191001101549.jpg,00063,val
Larva_Spodoptera_D__00064IMG_00064_BURST20191001101549.jpg,00064,val
Larva_Spodoptera_D__00065IMG_00065_BURST20191001100859.jpg,00065,val
Larva_Spodoptera_D__00065IMG_00065_BURST20191001102055.jpg,00065,val
Larva_Spodoptera_D__00065IMG_00065_BURST20191001102238.jpg,00065,val
Larva_Spodoptera_D__00067IMG_00067_BURST20191001102055.jpg,00067,val
Larva_Spodoptera_D__00067IMG_00067_BURST20191001102457.jpg,00067,val
Larva_Spodoptera_D__00068IMG_00068_BURST20191001102824.jpg,00068,val
Larva_Spodoptera_D__00069IMG_00069_BURST20191001101323.jpg,00069,val
Larva_Spodoptera_D__00069IMG_00069_BURST20191001102457.jpg,00069,val
Larva_Spodoptera_D__00069IMG_00069_BURST20191001102630.jpg,00069,val
Larva_Spodoptera_D__00071IMG_00071_BURST20191001101549.jpg,00071,val
Larva_Spodoptera_D__00071IMG_00071_BURST20191001102055.jpg,00071,val
Larva_Spodoptera_D__00071IMG_00071_BURST20191001102630.jpg,00071,val
Larva_Spodoptera_D__00072IMG_00072_BURST20191001101149.jpg,00072,val
Larva_Spodoptera_D__00072IMG_00072_BURST20191001102238.jpg,00072,val
Larva_Spodoptera_D__00074IMG_00074_BURST20191001102055.jpg,00074,val
Larva_Spodoptera_D__00074IMG_00074_BURST20191001102238.jpg,00074,val
Larva_Spodoptera_D__00075IMG_00075_BURST20191001101323.jpg,00075,val
Larva_Spodoptera_D__00075IMG_00075_BURST20191001102457.jpg,00075,val
Larva_Spodoptera_D__00076IMG_00076_BURST20191001101549.jpg,00076,val
Larva_Spodoptera_D__00076IMG_00076_BURST20191001102055.jpg,00076,val
Larva_Spodoptera_D__00076IMG_00076_BURST20191001102824.jpg,00076,val
Larva_Spodoptera_D__00077IMG_00077_BURST20191001102457.jpg,00077,val
Larva_Spodoptera_D__00078IMG_00078_BURST20191001101149.jpg,00078,val
Larva_Spodoptera_D__00078IMG_00078_BURST20191001102630.jpg,00078,val
Larva_Spodoptera_D__00079IMG_00079_BURST20191001102055.jpg,00079,val
Larva_Spodoptera_D__00079IMG_00079_BURST20191001102824.jpg,00079,val
Larva_Spodoptera_D__00080IMG_00080_BURST20191001101323.jpg,00080,val
Larva_Spodoptera_D__00080IMG_00080_BURST20191001101549.jpg,00080,val
Larva_Spodoptera_D__00080IMG_00080_BURST20191001102055.jpg,00080,val
Larva_Spodoptera_D__00080IMG_00080_BURST20191001102238.jpg,00080,val
Larva_Spodoptera_D__00081IMG_00081_BURST20191001101549.jpg,00081,val
Larva_Spodoptera_D__00081IMG_00081_BURST20191001102824.jpg,00081,val
Larva_Spodoptera_D__00082IMG_00082_BURST20191001102055.jpg,00082,val
Larva_Spodoptera_D__00082IMG_00082_BURST20191001102630.jpg,00082,val
Larva_Spodoptera_D__00083IMG_00083_BURST20191001102055.jpg,00083,val
Larva_Spodoptera_D__00083IMG_00083_BURST20191001102457.jpg,00083,val
Larva_Spodoptera_D__00083IMG_00083_BURST20191001102630.jpg,00083,val
Larva_Spodoptera_D__00083IMG_00083_BURST20191001102824.jpg,00083,val
Red_Hairy_Catterpillar_C__00001IMG_00001_BURST20190913112954.jpg,00001,val
Red_Hairy_Catterpillar_C__00001IMG_00001_BURST20190913114622.jpg,00001,val
Red_Hairy_Catterpillar_C__00002IMG_00002_BURST20190913113948.jpg,00002,val
Red_Hairy_Catterpillar_C__00002IMG_00002_BURST20190913114402.jpg,00002,val
Red_Hairy_Catterpillar_C__00002IMG_00002_BURST20190913114622.jpg,00002,val
Red_Hairy_Catterpillar_C__00004IMG_00004_BURST20190913112954.jpg,00004,val
Red_Hairy_Catterpillar_C__00004IMG_00004_BURST20190913113444.jpg,00004,val
Red_Hairy_Catterpillar_C__00004IMG_00004_BURST20190913113948.jpg,00004,val
Red_Hairy_Catterpillar_C__00004IMG_00004_BURST20190913114800.jpg,00004,val
Red_Hairy_Catterpillar_C__00005IMG_00005_BURST20190913113303.jpg,00005,val
Red_Hairy_Catterpillar_C__00005IMG_00005_BURST20190913114142.jpg,00005,val
Red_Hairy_Catterpillar_C__00006IMG_00006_BURST20190913113303.jpg,00006,val
Red_Hairy_Catterpillar_C__00006IMG_00006_BURST20190913113633.jpg,00006,val
Red_Hairy_Catterpillar_C__00006IMG_00006_BURST20190913114800.jpg,00006,val
Red_Hairy_Catterpillar_C__00007IMG_00007_BURST20190913114800.jpg,00007,val
Red_Hairy_Catterpillar_C__00008IMG_00008_BURST20190913112954.jpg,00008,val
Red_Hairy_Catterpillar_C__00008IMG_00008_BURST20190913113132.jpg,00008,val
Red_Hairy_Catterpillar_C__00008IMG_00008_BURST20190913113803.jpg,00008,val
Red_Hairy_Catterpillar_C__00009IMG_00009_BURST20190913112954.jpg,00009,val
Red_Hairy_Catterpillar_C__00009IMG_00009_BURST20190913113803.jpg,00009,val
Red_Hairy_Catterpillar_C__00009IMG_00009_BURST20190913114402.jpg,00009,val
Red_Hairy_Catterpillar_C__00009IMG_00009_BURST20190913114800.jpg,00009,val
Red_Hairy_Catterpillar_C__00010IMG_00010_BURST20190913113132.jpg,00010,val
Red_Hairy_Catterpillar_C__00010IMG_00010_BURST20190913113303.jpg,00010,val
Red_Hairy_Catterpillar_C__00011IMG_00011_BURST20190913113303.jpg,00011,val
Red_Hairy_Catterpillar_C__00011IMG_00011_BURST20190913113444.jpg,00011,val
Red_Hairy_Catterpillar_C__00011IMG_00011_BURST20190913114402.jpg,00011,val
Red_Hairy_Catterpillar_C__00012IMG_00012_BURST20190913113444.jpg,00012,val
Red_Hairy_Catterpillar_C__00012IMG_00012_BURST20190913113803.jpg,00012,val
Red_Hairy_Catterpillar_C__00012IMG_00012_BURST20190913113948.jpg,00012,val
Red_Hairy_Catterpillar_C__00012IMG_00012_BURST20190913114622.jpg,00012,val
Red_Hairy_Catterpillar_C__00013IMG_00013_BURST20190913113444.jpg,00013,val
Red_Hairy_Catterpillar_C__00015IMG_00015_BURST20190913113444.jpg,00015,val
Red_Hairy_Catterpillar_C__00015IMG_00015_BURST20190913113948.jpg,00015,val
Red_Hairy_Catterpillar_C__00015IMG_00015_BURST20190913114142.jpg,00015,val
Red_Hairy_Catterpillar_C__00017IMG_00017_BURST20190913112954.jpg,00017,val
Red_Hairy_Catterpillar_C__00017IMG_00017_BURST20190913113303.jpg,00017,val
Red_Hairy_Catterpillar_C__00018IMG_00018_BURST20190913112954.jpg,00018,val
Red_Hairy_Catterpillar_C__00018IMG_00018_BURST20190913113444.jpg,00018,val
Red_Hairy_Catterpillar_C__00018IMG_00018_BURST20190913114142.jpg,00018,val
Red_Hairy_Catterpillar_C__00019IMG_00019_BURST20190913113803.jpg,00019,val
Red_Hairy_Catterpillar_C__00019IMG_00019_BURST20190913114142.jpg,00019,val
Red_Hairy_Catterpillar_C__00022IMG_00022_BURST20190913113303.jpg,00022,val
Red_Hairy_Catterpillar_C__00023IMG_00023_BURST20190913113303.jpg,00023,val
Red_Hairy_Catterpillar_C__00024IMG_00024_BURST20190913112954.jpg,00024,val
Red_Hairy_Catterpillar_C__00024IMG_00024_BURST20190913113444.jpg,00024,val
Red_Hairy_Catterpillar_C__00024IMG_00024_BURST20190913113803.jpg,00024,val
Red_Hairy_Catterpillar_C__00025IMG_00025_BURST20190913112954.jpg,00025,val
Red_Hairy_Catterpillar_C__00025IMG_00025_BURST20190913113444.jpg,00025,val
Red_Hairy_Catterpillar_C__00025IMG_00025_BURST20190913114622.jpg,00025,val
Red_Hairy_Catterpillar_C__00026IMG_00026_BURST20190913113948.jpg,00026,val
Red_Hairy_Catterpillar_C__00026IMG_00026_BURST20190913114142.jpg,00026,val
Red_Hairy_Catterpillar_C__00028IMG_00028_BURST20190913113633.jpg,00028,val
Red_Hairy_Catterpillar_C__00028IMG_00028_BURST20190913114622.jpg,00028,val
Red_Hairy_Catterpillar_C__00029IMG_00029_BURST20190913113633.jpg,00029,val
Red_Hairy_Catterpillar_C__00029IMG_00029_BURST20190913114402.jpg,00029,val
Red_Hairy_Catterpillar_C__00030IMG_00030_BURST20190913113303.jpg,00030,val
Red_Hairy_Catterpillar_C__00030IMG_00030_BURST20190913114402.jpg,00030,val
Red_Hairy_Catterpillar_C__00031IMG_00031_BURST20190913112954.jpg,00031,val
Red_Hairy_Catterpillar_C__00031IMG_00031_BURST20190913113444.jpg,00031,val
Red_Hairy_Catterpillar_C__00031IMG_00031_BURST20190913113633.jpg,00031,val
Red_Hairy_Catterpillar_C__00032IMG_00032_BURST20190913113132.jpg,00032,val
Red_Hairy_Catterpillar_C__00033IMG_00033_BURST20190913114622.jpg,00033,val
Red_Hairy_Catterpillar_C__00034IMG_00034_BURST20190913114142.jpg,00034,val
Red_Hairy_Catterpillar_C__00034IMG_00034_BURST20190913114402.jpg,00034,val
Red_Hairy_Catterpillar_C__00035IMG_00035_BURST20190913113803.jpg,00035,val
Red_Hairy_Catterpillar_C__00036IMG_00036_BURST20190913114142.jpg,00036,val
Red_Hairy_Catterpillar_C__00037IMG_00037_BURST20190913113803.jpg,00037,val
Red_Hairy_Catterpillar_C__00037IMG_00037_BURST20190913114142.jpg,00037,val
Red_Hairy_Catterpillar_C__00037IMG_00037_BURST20190913114402.jpg,00037,val
Red_Hairy_Catterpillar_C__00038IMG_00038_BURST20190913113633.jpg,00038,val
Red_Hairy_Catterpillar_C__00038IMG_00038_BURST20190913113803.jpg,00038,val
Red_Hairy_Catterpillar_C__00039IMG_00039_BURST20190913113444.jpg,00039,val
Red_Hairy_Catterpillar_C__00039IMG_00039_BURST20190913113803.jpg,00039,val
Red_Hairy_Catterpillar_C__00039IMG_00039_BURST20190913114402.jpg,00039,val
Red_Hairy_Catterpillar_C__00040IMG_00040_BURST20190913113444.jpg,00040,val
Red_Hairy_Catterpillar_C__00040IMG_00040_BURST20190913114142.jpg,00040,val
Red_Hairy_Catterpillar_C__00040IMG_00040_BURST20190913114622.jpg,00040,val
Red_Hairy_Catterpillar_C__00041IMG_00041_BURST20190913114142.jpg,00041,val
Red_Hairy_Catterpillar_C__00043IMG_00043_BURST20190913113303.jpg,00043,val
Red_Hairy_Catterpillar_C__00043IMG_00043_BURST20190913113444.jpg,00043,val
Red_Hairy_Catterpillar_C__00043IMG_00043_BURST20190913113948.jpg,00043,val
Red_Hairy_Catterpillar_C__00044IMG_00044_BURST20190913112954.jpg,00044,val
Red_Hairy_Catterpillar_C__00044IMG_00044_BURST20190913113444.jpg,00044,val
Red_Hairy_Catterpillar_C__00044IMG_00044_BURST20190913113633.jpg,00044,val
Red_Hairy_Catterpillar_C__00044IMG_00044_BURST20190913114142.jpg,00044,val
Red_Hairy_Catterpillar_C__00045IMG_00045_BURST20190913113948.jpg,00045,val
Red_Hairy_Catterpillar_C__00045IMG_00045_BURST20190913114402.jpg,00045,val
Red_Hairy_Catterpillar_C__00046IMG_00046_BURST20190913113303.jpg,00046,val
Red_Hairy_Catterpillar_C__00046IMG_00046_BURST20190913113948.jpg,00046,val
Red_Hairy_Catterpillar_C__00047IMG_00047_BURST20190913112954.jpg,00047,val
Red_Hairy_Catterpillar_C__00047IMG_00047_BURST20190913114402.jpg,00047,val
Red_Hairy_Catterpillar_C__00047IMG_00047_BURST20190913114622.jpg,00047,val
Red_Hairy_Catterpillar_C__00048IMG_00048_BURST20190913113444.jpg,00048,val
Red_Hairy_Catterpillar_C__00048IMG_00048_BURST20190913113633.jpg,00048,val
Red_Hairy_Catterpillar_C__00048IMG_00048_BURST20190913114402.jpg,00048,val
Red_Hairy_Catterpillar_C__00049IMG_00049_BURST20190913113132.jpg,00049,val
Red_Hairy_Catterpillar_C__00050IMG_00050_BURST20190913113303.jpg,00050,val
Red_Hairy_Catterpillar_C__00050IMG_00050_BURST20190913113633.jpg,00050,val
Red_Hairy_Catterpillar_C__00050IMG_00050_BURST20190913113948.jpg,00050,val
Red_Hairy_Catterpillar_C__00050IMG_00050_BURST20190913114142.jpg,00050,val
Red_Hairy_Catterpillar_C__00052IMG_00052_BURST20190913113633.jpg,00052,val
Red_Hairy_Catterpillar_C__00052IMG_00052_BURST20190913114622.jpg,00052,val
Red_Hairy_Catterpillar_C__00053IMG_00053_BURST20190913112954.jpg,00053,val
Red_Hairy_Catterpillar_C__00053IMG_00053_BURST20190913113132.jpg,00053,val
Red_Hairy_Catterpillar_C__00053IMG_00053_BURST20190913113633.jpg,00053,val
Red_Hairy_Catterpillar_C__00053IMG_00053_BURST20190913113948.jpg,00053,val
Red_Hairy_Catterpillar_C__00054IMG_00054_BURST20190913113444.jpg,00054,val
Red_Hairy_Catterpillar_C__00054IMG_00054_BURST20190913113633.jpg,00054,val
Red_Hairy_Catterpillar_C__00054IMG_00054_BURST20190913113803.jpg,00054,val
Red_Hairy_Catterpillar_C__00054IMG_00054_BURST20190913114402.jpg,00054,val
Red_Hairy_Catterpillar_C__00055IMG_00055_BURST20190913113132.jpg,00055,val
Red_Hairy_Catterpillar_C__00055IMG_00055_BURST20190913113803.jpg,00055,val
Red_Hairy_Catterpillar_C__00055IMG_00055_BURST20190913114402.jpg,00055,val
Red_Hairy_Catterpillar_C__00056IMG_00056_BURST20190913113803.jpg,00056,val
Red_Hairy_Catterpillar_C__00057IMG_00057_BURST20190913112954.jpg,00057,val
Red_Hairy_Catterpillar_C__00057IMG_00057_BURST20190913114142.jpg,00057,val
Red_Hairy_Catterpillar_C__00058IMG_00058_BURST20190913114142.jpg,00058,val
Red_Hairy_Catterpillar_C__00058IMG_00058_BURST20190913114402.jpg,00058,val
Red_Hairy_Catterpillar_C__00059IMG_00059_BURST20190913114142.jpg,00059,val
Red_Hairy_Catterpillar_C__00059IMG_00059_BURST20190913114402.jpg,00059,val
Red_Hairy_Catterpillar_C__00059IMG_00059_BURST20190913114622.jpg,00059,val
Red_Hairy_Catterpillar_C__00060IMG_00060_BURST20190913113803.jpg,00060,val
Red_Hairy_Catterpillar_C__00060IMG_00060_BURST20190913114402.jpg,00060,val
Red_Hairy_Catterpillar_C__00061IMG_00061_BURST20190913112954.jpg,00061,val
Red_Hairy_Catterpillar_C__00061IMG_00061_BURST20190913113132.jpg,00061,val
Red_Hairy_Catterpillar_C__00061IMG_00061_BURST20190913113633.jpg,00061,val
Red_Hairy_Catterpillar_C__00061IMG_00061_BURST20190913113948.jpg,00061,val
Red_Hairy_Catterpillar_C__00061IMG_00061_BURST20190913114142.jpg,00061,val
Red_Hairy_Catterpillar_C__00062IMG_00062_BURST20190913113303.jpg,00062,val
Red_Hairy_Catterpillar_C__00063IMG_00063_BURST20190913113303.jpg,00063,val
Red_Hairy_Catterpillar_C__00064IMG_00064_BURST20190913113444.jpg,00064,val
Red_Hairy_Catterpillar_C__00065IMG_00065_BURST20190913112954.jpg,00065,val
Red_Hairy_Catterpillar_C__00065IMG_00065_BURST20190913113633.jpg,00065,val
Red_Hairy_Catterpillar_C__00065IMG_00065_BURST20190913113948.jpg,00065,val
Red_Hairy_Catterpillar_C__00066IMG_00066_BURST20190913112954.jpg,00066,val
Red_Hairy_Catterpillar_C__00067IMG_00067_BURST20190913112954.jpg,00067,val
Red_Hairy_Catterpillar_C__00067IMG_00067_BURST20190913113303.jpg,00067,val
Red_Hairy_Catterpillar_C__00067IMG_00067_BURST20190913113948.jpg,00067,val
Red_Hairy_Catterpillar_C__00067IMG_00067_BURST20190913114402.jpg,00067,val
Red_Hairy_Catterpillar_C__00068IMG_00068_BURST20190913113303.jpg,00068,val
Red_Hairy_Catterpillar_C__00069IMG_00069_BURST20190913113633.jpg,00069,val
Red_Hairy_Catterpillar_C__00069IMG_00069_BURST20190913113803.jpg,00069,val
Red_Hairy_Catterpillar_C__00071IMG_00071_BURST20190913112954.jpg,00071,val
Red_Hairy_Catterpillar_C__00071IMG_00071_BURST20190913113948.jpg,00071,val
Red_Hairy_Catterpillar_C__00071IMG_00071_BURST20190913114142.jpg,00071,val
Red_Hairy_Catterpillar_C__00071IMG_00071_BURST20190913114402.jpg,00071,val
Red_Hairy_Catterpillar_C__00072IMG_00072_BURST20190913113303.jpg,00072,val
Red_Hairy_Catterpillar_C__00072IMG_00072_BURST20190913113948.jpg,00072,val
Red_Hairy_Catterpillar_C__00073IMG_00073_BURST20190913113633.jpg,00073,val
Red_Hairy_Catterpillar_C__00073IMG_00073_BURST20190913113948.jpg,00073,val
Red_Hairy_Catterpillar_C__00074IMG_00074_BURST20190913113132.jpg,00074,val
Red_Hairy_Catterpillar_C__00074IMG_00074_BURST20190913113444.jpg,00074,val
Red_Hairy_Catterpillar_C__00075IMG_00075_BURST20190913113303.jpg,00075,val
Red_Hairy_Catterpillar_C__00075IMG_00075_BURST20190913113444.jpg,00075,val
Red_Hairy_Catterpillar_C__00076IMG_00076_BURST20190913113948.jpg,00076,val
Red_Hairy_Catterpillar_C__00077IMG_00077_BURST20190913113132.jpg,00077,val
Red_Hairy_Catterpillar_C__00077IMG_00077_BURST20190913113303.jpg,00077,val
Red_Hairy_Catterpillar_C__00078IMG_00078_BURST20190913113444.jpg,00078,val
Red_Hairy_Catterpillar_C__00078IMG_00078_BURST20190913113803.jpg,00078,val
Red_Hairy_Catterpillar_C__00078IMG_00078_BURST20190913113948.jpg,00078,val
Red_Hairy_Catterpillar_C__00080IMG_00080_BURST20190913113132.jpg,00080,val
Red_Hairy_Catterpillar_C__00080IMG_00080_BURST20190913113948.jpg,00080,val
Red_Hairy_Catterpillar_C__00081IMG_00081_BURST20190913114142.jpg,00081,val
Red_Hairy_Catterpillar_C__00081IMG_00081_BURST20190913114622.jpg,00081,val
Red_Hairy_Catterpillar_C__00082IMG_00082_BURST20190913113948.jpg,00082,val
Red_Hairy_Catterpillar_C__00083IMG_00083_BURST20190913113948.jpg,00083,val
Red_Hairy_Catterpillar_C__00083IMG_00083_BURST20190913114402.jpg,00083,val
Red_Hairy_Catterpillar_C__00084IMG_00084_BURST20190913113303.jpg,00084,val
Red_Hairy_Catterpillar_C__00084IMG_00084_BURST20190913113444.jpg,00084,val
Red_Hairy_Catterpillar_C__00085IMG_00085_BURST20190913113303.jpg,00085,val
Red_Hairy_Catterpillar_C__00085IMG_00085_BURST20190913113803.jpg,00085,val
Red_Hairy_Catterpillar_C__00086IMG_00086_BURST20190913113132.jpg,00086,val
Red_Hairy_Catterpillar_C__00086IMG_00086_BURST20190913113948.jpg,00086,val
Red_Hairy_Catterpillar_C__00087IMG_00087_BURST20190913113303.jpg,00087,val
Red_Hairy_Catterpillar_C__00087IMG_00087_BURST20190913114142.jpg,00087,val
Red_Hairy_Catterpillar_C__00087IMG_00087_BURST20190913114622.jpg,00087,val
Red_Hairy_Catterpillar_C__00088IMG_00088_BURST20190913113444.jpg,00088,val
Red_Hairy_Catterpillar_C__00088IMG_00088_BURST20190913114622.jpg,00088,val
Red_Hairy_Catterpillar_C__00089IMG_00089_BURST20190913113132.jpg,00089,val
Red_Hairy_Catterpillar_C__00089IMG_00089_BURST20190913113444.jpg,00089,val
Red_Hairy_Catterpillar_C__00089IMG_00089_BURST20190913113633.jpg,00089,val
Red_Hairy_Catterpillar_C__00089IMG_00089_BURST20190913114142.jpg,00089,val
Red_Hairy_Catterpillar_C__00090IMG_00090_BURST20190913113803.jpg,00090,val
Red_Hairy_Catterpillar_C__00090IMG_00090_BURST20190913114402.jpg,00090,val
Red_Hairy_Catterpillar_C__00090IMG_00090_BURST20190913114622.jpg,00090,val
Red_Hairy_Catterpillar_C__00091IMG_00091_BURST20190913112954.jpg,00091,val
Red_Hairy_Catterpillar_C__00091IMG_00091_BURST20190913113444.jpg,00091,val
Red_Hairy_Catterpillar_C__00091IMG_00091_BURST20190913113948.jpg,00091,val
Red_Hairy_Catterpillar_C__00091IMG_00091_BURST20190913114142.jpg,00091,val
Red_Hairy_Catterpillar_C__00092IMG_00092_BURST20190913112954.jpg,00092,val
Red_Hairy_Catterpillar_C__00092IMG_00092_BURST20190913114622.jpg,00092,val
Red_Hairy_Catterpillar_C__00093IMG_00093_BURST20190913113132.jpg,00093,val
Red_Hairy_Catterpillar_C__00093IMG_00093_BURST20190913114622.jpg,00093,val
Red_Hairy_Catterpillar_C__00094IMG_00094_BURST20190913113132.jpg,00094,val
Red_Hairy_Catterpillar_C__00094IMG_00094_BURST20190913114402.jpg,00094,val
Red_Hairy_Catterpillar_C__00095IMG_00095_BURST20190913113132.jpg,00095,val
Red_Hairy_Catterpillar_C__00095IMG_00095_BURST20190913113803.jpg,00095,val
Red_Hairy_Catterpillar_C__00095IMG_00095_BURST20190913114142.jpg,00095,val
Red_Hairy_Catterpillar_C__00096IMG_00096_BURST20190913114142.jpg,00096,val
Red_Hairy_Catterpillar_C__00097IMG_00097_BURST20190913113948.jpg,00097,val
Red_Hairy_Catterpillar_C__00098IMG_00098_BURST20190913114142.jpg,00098,val
Red_Hairy_Catterpillar_C__00098IMG_00098_BURST20190913114622.jpg,00098,val
Red_Hairy_Catterpillar_C__00099IMG_00099_BURST20190913112954.jpg,00099,val
Tobacco_Caterpillar_B__00001IMG_00001_BURST20190913111401.jpg,00001,val
Tobacco_Caterpillar_B__00001IMG_00001_BURST20190913111652.jpg,00001,val
Tobacco_Caterpillar_B__00001IMG_00001_BURST20190913112300.jpg,00001,val
Tobacco_Caterpillar_B__00002IMG_00002_BURST20190913112050.jpg,00002,val
Tobacco_Caterpillar_B__00003IMG_00003_BURST20190913111401.jpg,00003,val
Tobacco_Caterpillar_B__00003IMG_00003_BURST20190913111652.jpg,00003,val
Tobacco_Caterpillar_B__00003IMG_00003_BURST20190913112050.jpg,00003,val
Tobacco_Caterpillar_B__00003IMG_00003_BURST20190913112603.jpg,00003,val
Tobacco_Caterpillar_B__00004IMG_00004_BURST20190913112603.jpg,00004,val
Tobacco_Caterpillar_B__00006IMG_00006_BURST20190913111831.jpg,00006,val
Tobacco_Caterpillar_B__00007IMG_00007_BURST20190913111207.jpg,00007,val
Tobacco_Caterpillar_B__00007IMG_00007_BURST20190913111652.jpg,00007,val
Tobacco_Caterpillar_B__00007IMG_00007_BURST20190913112300.jpg,00007,val
Tobacco_Caterpillar_B__00008IMG_00008_BURST20190913111207.jpg,00008,val
Tobacco_Caterpillar_B__00008IMG_00008_BURST20190913112300.jpg,00008,val
Tobacco_Caterpillar_B__00009IMG_00009_BURST20190913111831.jpg,00009,val
Tobacco_Caterpillar_B__00010IMG_00010_BURST20190913112050.jpg,00010,val
Tobacco_Caterpillar_B__00011IMG_00011_BURST20190913111401.jpg,00011,val
Tobacco_Caterpillar_B__00011IMG_00011_BURST20190913111528.jpg,00011,val
Tobacco_Caterpillar_B__00011IMG_00011_BURST20190913112300.jpg,00011,val
Tobacco_Caterpillar_B__00012IMG_00012_BURST20190913111528.jpg,00012,val
Tobacco_Caterpillar_B__00013IMG_00013_BURST20190913111032.jpg,00013,val
Tobacco_Caterpillar_B__00013IMG_00013_BURST20190913111401.jpg,00013,val
Tobacco_Caterpillar_B__00013IMG_00013_BURST20190913111831.jpg,00013,val
Tobacco_Caterpillar_B__00014IMG_00014_BURST20190913111401.jpg,00014,val
Tobacco_Caterpillar_B__00015IMG_00015_BURST20190913111032.jpg,00015,val
Tobacco_Caterpillar_B__00016IMG_00016_BURST20190913111528.jpg,00016,val
Tobacco_Caterpillar_B__00016IMG_00016_BURST20190913111652.jpg,00016,val
Tobacco_Caterpillar_B__00016IMG_00016_BURST20190913112429.jpg,00016,val
Tobacco_Caterpillar_B__00018IMG_00018_BURST20190913111831.jpg,00018,val
Tobacco_Caterpillar_B__00019IMG_00019_BURST20190913111032.jpg,00019,val
Tobacco_Caterpillar_B__00019IMG_00019_BURST20190913111207.jpg,00019,val
Tobacco_Caterpillar_B__00019IMG_00019_BURST20190913111528.jpg,00019,val
Tobacco_Caterpillar_B__00019IMG_00019_BURST20190913111652.jpg,00019,val
Tobacco_Caterpillar_B__00019IMG_00019_BURST20190913112300.jpg,00019,val
Tobacco_Caterpillar_B__00019IMG_00019_BURST20190913112429.jpg,00019,val
Tobacco_Caterpillar_B__00020IMG_00020_BURST20190913111401.jpg,00020,val
Tobacco_Caterpillar_B__00020IMG_00020_BURST20190913112050.jpg,00020,val
Tobacco_Caterpillar_B__00021IMG_00021_BURST20190913111528.jpg,00021,val
Tobacco_Caterpillar_B__00021IMG_00021_BURST20190913111652.jpg,00021,val
Tobacco_Caterpillar_B__00021IMG_00021_BURST20190913112603.jpg,00021,val
Tobacco_Caterpillar_B__00022IMG_00022_BURST20190913111032.jpg,00022,val
Tobacco_Caterpillar_B__00022IMG_00022_BURST20190913111528.jpg,00022,val
Tobacco_Caterpillar_B__00022IMG_00022_BURST20190913111652.jpg,00022,val
Tobacco_Caterpillar_B__00023IMG_00023_BURST20190913111032.jpg,00023,val
Tobacco_Caterpillar_B__00024IMG_00024_BURST20190913112300.jpg,00024,val
Tobacco_Caterpillar_B__00024IMG_00024_BURST20190913112429.jpg,00024,val
Tobacco_Caterpillar_B__00025IMG_00025_BURST20190913111528.jpg,00025,val
Tobacco_Caterpillar_B__00025IMG_00025_BURST20190913111652.jpg,00025,val
Tobacco_Caterpillar_B__00026IMG_00026_BURST20190913111032.jpg,00026,val
Tobacco_Caterpillar_B__00026IMG_00026_BURST20190913111528.jpg,00026,val
Tobacco_Caterpillar_B__00027IMG_00027_BURST20190913111401.jpg,00027,val
Tobacco_Caterpillar_B__00027IMG_00027_BURST20190913112429.jpg,00027,val
Tobacco_Caterpillar_B__00028IMG_00028_BURST20190913111207.jpg,00028,val
Tobacco_Caterpillar_B__00028IMG_00028_BURST20190913111652.jpg,00028,val
Tobacco_Caterpillar_B__00029IMG_00029_BURST20190913111528.jpg,00029,val
Tobacco_Caterpillar_B__00029IMG_00029_BURST20190913112050.jpg,00029,val
Tobacco_Caterpillar_B__00031IMG_00031_BURST20190913111032.jpg,00031,val
Tobacco_Caterpillar_B__00031IMG_00031_BURST20190913112603.jpg,00031,val
Tobacco_Caterpillar_B__00032IMG_00032_BURST20190913111831.jpg,00032,val
Tobacco_Caterpillar_B__00032IMG_00032_BURST20190913112050.jpg,00032,val
Tobacco_Caterpillar_B__00033IMG_00033_BURST20190913111032.jpg,00033,val
Tobacco_Caterpillar_B__00034IMG_00034_BURST20190913111032.jpg,00034,val
Tobacco_Caterpillar_B__00034IMG_00034_BURST20190913111401.jpg,00034,val
Tobacco_Caterpillar_B__00034IMG_00034_BURST20190913111831.jpg,00034,val
Tobacco_Caterpillar_B__00034IMG_00034_BURST20190913112603.jpg,00034,val
Tobacco_Caterpillar_B__00035IMG_00035_BURST20190913111207.jpg,00035,val
Tobacco_Caterpillar_B__00035IMG_00035_BURST20190913112300.jpg,00035,val
Tobacco_Caterpillar_B__00035IMG_00035_BURST20190913112429.jpg,00035,val
Tobacco_Caterpillar_B__00037IMG_00037_BURST20190913112603.jpg,00037,val
Tobacco_Caterpillar_B__00038IMG_00038_BURST20190913112429.jpg,00038,val
Tobacco_Caterpillar_B__00039IMG_00039_BURST20190913111528.jpg,00039,val
Tobacco_Caterpillar_B__00040IMG_00040_BURST20190913112603.jpg,00040,val
Tobacco_Caterpillar_B__00042IMG_00042_BURST20190913112050.jpg,00042,val
Tobacco_Caterpillar_B__00043IMG_00043_BURST20190913111207.jpg,00043,val
Tobacco_Caterpillar_B__00043IMG_00043_BURST20190913111652.jpg,00043,val
Tobacco_Caterpillar_B__00043IMG_00043_BURST20190913112603.jpg,00043,val
Tobacco_Caterpillar_B__00044IMG_00044_BURST20190913111207.jpg,00044,val
Tobacco_Caterpillar_B__00044IMG_00044_BURST20190913111652.jpg,00044,val
Tobacco_Caterpillar_B__00044IMG_00044_BURST20190913112050.jpg,00044,val
Tobacco_Caterpillar_B__00045IMG_00045_BURST20190913111831.jpg,00045,val
Tobacco_Caterpillar_B__00045IMG_00045_BURST20190913112300.jpg,00045,val
Tobacco_Caterpillar_B__00046IMG_00046_BURST20190913111032.jpg,00046,val
Tobacco_Caterpillar_B__00046IMG_00046_BURST20190913111831.jpg,00046,val
Tobacco_Caterpillar_B__00047IMG_00047_BURST20190913111032.jpg,00047,val
Tobacco_Caterpillar_B__00047IMG_00047_BURST20190913111207.jpg,00047,val
Tobacco_Caterpillar_B__00047IMG_00047_BURST20190913112429.jpg,00047,val
Tobacco_Caterpillar_B__00048IMG_00048_BURST20190913112300.jpg,00048,val
Tobacco_Caterpillar_B__00050IMG_00050_BURST20190913111528.jpg,00050,val
Tobacco_Caterpillar_B__00051IMG_00051_BURST20190913111032.jpg,00051,val
Tobacco_Caterpillar_B__00051IMG_00051_BURST20190913111652.jpg,00051,val
Tobacco_Caterpillar_B__00051IMG_00051_BURST20190913112050.jpg,00051,val
Tobacco_Caterpillar_B__00051IMG_00051_BURST20190913112603.jpg,00051,val
Tobacco_Caterpillar_B__00052IMG_00052_BURST20190913111032.jpg,00052,val
Tobacco_Caterpillar_B__00052IMG_00052_BURST20190913111528.jpg,00052,val
Tobacco_Caterpillar_B__00054IMG_00054_BURST20190913111032.jpg,00054,val
Tobacco_Caterpillar_B__00054IMG_00054_BURST20190913111652.jpg,00054,val
Tobacco_Caterpillar_B__00056IMG_00056_BURST20190913111401.jpg,00056,val
Tobacco_Caterpillar_B__00056IMG_00056_BURST20190913111528.jpg,00056,val
Tobacco_Caterpillar_B__00056IMG_00056_BURST20190913112050.jpg,00056,val
Tobacco_Caterpillar_B__00056IMG_00056_BURST20190913112603.jpg,00056,val
Tobacco_Caterpillar_B__00057IMG_00057_BURST20190913111831.jpg,00057,val
Tobacco_Caterpillar_B__00057IMG_00057_BURST20190913112050.jpg,00057,val
Tobacco_Caterpillar_B__00058IMG_00058_BURST20190913112300.jpg,00058,val
Tobacco_Caterpillar_B__00059IMG_00059_BURST20190913111652.jpg,00059,val
Tobacco_Caterpillar_B__00059IMG_00059_BURST20190913112300.jpg,00059,val
Tobacco_Caterpillar_B__00059IMG_00059_BURST20190913112429.jpg,00059,val
Tobacco_Caterpillar_B__00061IMG_00061_BURST20190913111401.jpg,00061,val
Tobacco_Caterpillar_B__00061IMG_00061_BURST20190913111652.jpg,00061,val
Tobacco_Caterpillar_B__00062IMG_00062_BURST20190913111528.jpg,00062,val
Tobacco_Caterpillar_B__00062IMG_00062_BURST20190913112050.jpg,00062,val
Tobacco_Caterpillar_B__00063IMG_00063_BURST20190913111032.jpg,00063,val
Tobacco_Caterpillar_B__00063IMG_00063_BURST20190913111401.jpg,00063,val
Tobacco_Caterpillar_B__00063IMG_00063_BURST20190913111528.jpg,00063,val
Tobacco_Caterpillar_B__00063IMG_00063_BURST20190913112300.jpg,00063,val
Tobacco_Caterpillar_B__00064IMG_00064_BURST20190913111652.jpg,00064,val
Tobacco_Caterpillar_B__00064IMG_00064_BURST20190913111831.jpg,00064,val
Tobacco_Caterpillar_B__00064IMG_00064_BURST20190913112429.jpg,00064,val
Tobacco_Caterpillar_B__00065IMG_00065_BURST20190913112603.jpg,00065,val
Tobacco_Caterpillar_B__00066IMG_00066_BURST20190913111401.jpg,00066,val
Tobacco_Caterpillar_B__00067IMG_00067_BURST20190913111528.jpg,00067,val
Tobacco_Caterpillar_B__00067IMG_00067_BURST20190913112050.jpg,00067,val
Tobacco_Caterpillar_B__00068IMG_00068_BURST20190913112603.jpg,00068,val
Tobacco_Caterpillar_B__00070IMG_00070_BURST20190913111652.jpg,00070,val
Tobacco_Caterpillar_B__00071IMG_00071_BURST20190913111207.jpg,00071,val
Tobacco_Caterpillar_B__00071IMG_00071_BURST20190913112429.jpg,00071,val
Tobacco_Caterpillar_B__00072IMG_00072_BURST20190913111032.jpg,00072,val
Tobacco_Caterpillar_B__00072IMG_00072_BURST20190913111652.jpg,00072,val
Tobacco_Caterpillar_B__00072IMG_00072_BURST20190913112300.jpg,00072,val
Tobacco_Caterpillar_B__00073IMG_00073_BURST20190913111652.jpg,00073,val
Tobacco_Caterpillar_B__00073IMG_00073_BURST20190913112603.jpg,00073,val
Tobacco_Caterpillar_B__00074IMG_00074_BURST20190913111528.jpg,00074,val
Tobacco_Caterpillar_B__00074IMG_00074_BURST20190913111831.jpg,00074,val
Tobacco_Caterpillar_B__00075IMG_00075_BURST20190913112300.jpg,00075,val
Tobacco_Caterpillar_B__00076IMG_00076_BURST20190913111652.jpg,00076,val
Tobacco_Caterpillar_B__00076IMG_00076_BURST20190913112429.jpg,00076,val
Tobacco_Caterpillar_B__00076IMG_00076_BURST20190913112603.jpg,00076,val
Tobacco_Caterpillar_B__00077IMG_00077_BURST20190913111032.jpg,00077,val
Tobacco_Caterpillar_B__00077IMG_00077_BURST20190913112050.jpg,00077,val
Tobacco_Caterpillar_B__00077IMG_00077_BURST20190913112300.jpg,00077,val
Tobacco_Caterpillar_B__00078IMG_00078_BURST20190913111032.jpg,00078,val
Tobacco_Caterpillar_B__00079IMG_00079_BURST20190913111207.jpg,00079,val
Tobacco_Caterpillar_B__00079IMG_00079_BURST20190913112603.jpg,00079,val
Tobacco_Caterpillar_B__00080IMG_00080_BURST20190913112050.jpg,00080,val
Tobacco_Caterpillar_B__00080IMG_00080_BURST20190913112300.jpg,00080,val
Tobacco_Caterpillar_B__00080IMG_00080_BURST20190913112429.jpg,00080,val
Tobacco_Caterpillar_B__00081IMG_00081_BURST20190913111207.jpg,00081,val
Tobacco_Caterpillar_B__00081IMG_00081_BURST20190913111401.jpg,00081,val
Tobacco_Caterpillar_B__00081IMG_00081_BURST20190913112050.jpg,00081,val
Tobacco_Caterpillar_B__00081IMG_00081_BURST20190913112300.jpg,00081,val
Tobacco_Caterpillar_B__00083IMG_00083_BURST20190913112603.jpg,00083,val
Tobacco_Caterpillar_B__00084IMG_00084_BURST20190913111032.jpg,00084,val
Tobacco_Caterpillar_B__00084IMG_00084_BURST20190913111528.jpg,00084,val
Tobacco_Caterpillar_B__00084IMG_00084_BURST20190913111652.jpg,00084,val
Tobacco_Caterpillar_B__00086IMG_00086_BURST20190913112050.jpg,00086,val
Tobacco_Caterpillar_B__00087IMG_00087_BURST20190913111032.jpg,00087,val
Tobacco_Caterpillar_B__00087IMG_00087_BURST20190913111528.jpg,00087,val
Tobacco_Caterpillar_B__00088IMG_00088_BURST20190913112603.jpg,00088,val
Tobacco_Caterpillar_B__00089IMG_00089_BURST20190913111207.jpg,00089,val
Tobacco_Caterpillar_B__00089IMG_00089_BURST20190913111528.jpg,00089,val
Tobacco_Caterpillar_B__00089IMG_00089_BURST20190913111831.jpg,00089,val
Tobacco_Caterpillar_B__00090IMG_00090_BURST20190913112050.jpg,00090,val
Tobacco_Caterpillar_B__00090IMG_00090_BURST20190913112300.jpg,00090,val
Tobacco_Caterpillar_B__00091IMG_00091_BURST20190913112300.jpg,00091,val
Tobacco_Caterpillar_B__00091IMG_00091_BURST20190913112603.jpg,00091,val
Tobacco_Caterpillar_B__00092IMG_00092_BURST20190913111207.jpg,00092,val
Tobacco_Caterpillar_B__00092IMG_00092_BURST20190913112429.jpg,00092,val
Tobacco_Caterpillar_B__00094IMG_00094_BURST20190913111032.jpg,00094,val
Tobacco_Caterpillar_B__00094IMG_00094_BURST20190913111207.jpg,00094,val
Tobacco_Caterpillar_B__00094IMG_00094_BURST20190913111401.jpg,00094,val
Tobacco_Caterpillar_B__00094IMG_00094_BURST20190913111528.jpg,00094,val
Tobacco_Caterpillar_B__00094IMG_00094_BURST20190913111652.jpg,00094,val
Tobacco_Caterpillar_B__00095IMG_00095_BURST20190913111528.jpg,00095,val
Tobacco_Caterpillar_B__00096IMG_00096_BURST20190913111652.jpg,00096,val
Tobacco_Caterpillar_B__00097IMG_00097_BURST20190913111032.jpg,00097,val
Tobacco_Caterpillar_B__00099IMG_00099_BURST20190913111207.jpg,00099,val
Eocanthecona_Bug_A__00001IMG_00001_BURST20190912100717.jpg,00001,test
Eocanthecona_Bug_A__00001IMG_00001_BURST20190912101836.jpg,00001,test
Eocanthecona_Bug_A__00001IMG_00001_BURST20190913115038.jpg,00001,test
Eocanthecona_Bug_A__00002IMG_00002_BURST20190913103037.jpg,00002,test
Eocanthecona_Bug_A__00003IMG_00003_BURST20190912100618.jpg,00003,test
Eocanthecona_Bug_A__00004IMG_00004_BURST20190912101022.jpg,00004,test
Eocanthecona_Bug_A__00005IMG_00005_BURST20190912101003.jpg,00005,test
Eocanthecona_Bug_A__00006IMG_00006_BURST20190913102614.jpg,00006,test
Eocanthecona_Bug_A__00007IMG_00007_BURST20190912100717.jpg,00007,test
Eocanthecona_Bug_A__00008IMG_00008_BURST20190912101003.jpg,00008,test
Eocanthecona_Bug_A__00008IMG_00008_BURST20190913102732.jpg,00008,test
Eocanthecona_Bug_A__00009IMG_00009_BURST20190913102732.jpg,00009,test
Eocanthecona_Bug_A__00010IMG_00010_BURST20190912100717.jpg,00010,test
Eocanthecona_Bug_A__00010IMG_00010_BURST20190912101003.jpg,00010,test
Eocanthecona_Bug_A__00010IMG_00010_BURST20190912101022.jpg,00010,test
Eocanthecona_Bug_A__00013IMG_00013_BURST20190913102732.jpg,00013,test
Eocanthecona_Bug_A__00014IMG_00014_BURST20190912101457.jpg,00014,test
Eocanthecona_Bug_A__00014IMG_00014_BURST20190913102845.jpg,00014,test
Eocanthecona_Bug_A__00015IMG_00015_BURST20190913103037.jpg,00015,test
Eocanthecona_Bug_A__00016IMG_00016_BURST20190913103037.jpg,00016,test
Eocanthecona_Bug_A__00017IMG_00017_BURST20190912101631.jpg,00017,test
Eocanthecona_Bug_A__00018IMG_00018_BURST20190912100618.jpg,00018,test
Eocanthecona_Bug_A__00018IMG_00018_BURST20190912101022.jpg,00018,test
Eocanthecona_Bug_A__00018IMG_00018_BURST20190912101457.jpg,00018,test
Eocanthecona_Bug_A__00018IMG_00018_BURST20190913115038.jpg,00018,test
Eocanthecona_Bug_A__00019IMG_00019_BURST20190913103037.jpg,00019,test
Eocanthecona_Bug_A__00020IMG_00020_BURST20190912100516.jpg,00020,test
Eocanthecona_Bug_A__00020IMG_00020_BURST20190913102732.jpg,00020,test
Eocanthecona_Bug_A__00021IMG_00021_BURST20190912100618.jpg,00021,test
Eocanthecona_Bug_A__00021IMG_00021_BURST20190913102614.jpg,00021,test
Eocanthecona_Bug_A__00021IMG_00021_BURST20190913102732.jpg,00021,test
Eocanthecona_Bug_A__00022IMG_00022_BURST20190912100717.jpg,00022,test
Eocanthecona_Bug_A__00022IMG_00022_BURST20190912101022.jpg,00022,test
Eocanthecona_Bug_A__00023IMG_00023_BURST20190912101836.jpg,00023,test
Eocanthecona_Bug_A__00024IMG_00024_BURST20190913102614.jpg,00024,test
Eocanthecona_Bug_A__00024IMG_00024_BURST20190913115038.jpg,00024,test
Eocanthecona_Bug_A__00026IMG_00026_BURST20190913102845.jpg,00026,test
Eocanthecona_Bug_A__00027IMG_00027_BURST20190912100850.jpg,00027,test
Eocanthecona_Bug_A__00028IMG_00028_BURST20190912101836.jpg,00028,test
Eocanthecona_Bug_A__00029IMG_00029_BURST20190912100618.jpg,00029,test
Eocanthecona_Bug_A__00029IMG_00029_BURST20190912101022.jpg,00029,test
Eocanthecona_Bug_A__00029IMG_00029_BURST20190912101457.jpg,00029,test
Eocanthecona_Bug_A__00029IMG_00029_BURST20190913102614.jpg,00029,test
Eocanthecona_Bug_A__00030IMG_00030_BURST20190912101457.jpg,00030,test
Eocanthecona_Bug_A__00030IMG_00030_BURST20190912101631.jpg,00030,test
Eocanthecona_Bug_A__00030IMG_00030_BURST20190913103037.jpg,00030,test
Eocanthecona_Bug_A__00031IMG_00031_BURST20190912100516.jpg,00031,test
Eocanthecona_Bug_A__00031IMG_00031_BURST20190913102845.jpg,00031,test
Eocanthecona_Bug_A__00032IMG_00032_BURST20190912100717.jpg,00032,test
Eocanthecona_Bug_A__00032IMG_00032_BURST20190912100850.jpg,00032,test
Eocanthecona_Bug_A__00033IMG_00033_BURST20190912101631.jpg,00033,test
Eocanthecona_Bug_A__00034IMG_00034_BURST20190912101457.jpg,00034,test
Eocanthecona_Bug_A__00034IMG_00034_BURST20190912101836.jpg,00034,test
Eocanthecona_Bug_A__00035IMG_00035_BURST20190912100618.jpg,00035,test
Eocanthecona_Bug_A__00035IMG_00035_BURST20190912100850.jpg,00035,test
Eocanthecona_Bug_A__00036IMG_00036_BURST20190912100618.jpg,00036,test
Eocanthecona_Bug_A__00038IMG_00038_BURST20190912100618.jpg,00038,test
Eocanthecona_Bug_A__00039IMG_00039_BURST20190912101022.jpg,00039,test
Eocanthecona_Bug_A__00039IMG_00039_BURST20190913102614.jpg,00039,test
Eocanthecona_Bug_A__00040IMG_00040_BURST20190912101457.jpg,00040,test
Eocanthecona_Bug_A__00041IMG_00041_BURST20190913102614.jpg,00041,test
Eocanthecona_Bug_A__00043IMG_00043_BURST20190912101836.jpg,00043,test
Eocanthecona_Bug_A__00043IMG_00043_BURST20190913115038.jpg,00043,test
Eocanthecona_Bug_A__00044IMG_00044_BURST20190912100717.jpg,00044,test
Eocanthecona_Bug_A__00045IMG_00045_BURST20190912100516.jpg,00045,test
Eocanthecona_Bug_A__00048IMG_00048_BURST20190912100717.jpg,00048,test
Eocanthecona_Bug_A__00048IMG_00048_BURST20190913102845.jpg,00048,test
Eocanthecona_Bug_A__00048IMG_00048_BURST20190913115038.jpg,00048,test
Eocanthecona_Bug_A__00049IMG_00049_BURST20190913102845.jpg,00049,test
Eocanthecona_Bug_A__00050IMG_00050_BURST20190912100850.jpg,00050,test
Eocanthecona_Bug_A__00050IMG_00050_BURST20190912101457.jpg,00050,test
Eocanthecona_Bug_A__00050IMG_00050_BURST20190913103037.jpg,00050,test
Eocanthecona_Bug_A__00051IMG_00051_BURST20190912100850.jpg,00051,test
Eocanthecona_Bug_A__00051IMG_00051_BURST20190912101631.jpg,00051,test
Eocanthecona_Bug_A__00051IMG_00051_BURST20190913103037.jpg,00051,test
Eocanthecona_Bug_A__00052IMG_00052_BURST20190912100516.jpg,00052,test
Eocanthecona_Bug_A__00052IMG_00052_BURST20190912101457.jpg,00052,test
Eocanthecona_Bug_A__00053IMG_00053_BURST20190913103037.jpg,00053,test
Eocanthecona_Bug_A__00056IMG_00056_BURST20190912100850.jpg,00056,test
Eocanthecona_Bug_A__00057IMG_00057_BURST20190913102845.jpg,00057,test
Eocanthecona_Bug_A__00059IMG_00059_BURST20190913102845.jpg,00059,test
Eocanthecona_Bug_A__00059IMG_00059_BURST20190913115038.jpg,00059,test
Eocanthecona_Bug_A__00060IMG_00060_BURST20190912101022.jpg,00060,test
Eocanthecona_Bug_A__00060IMG_00060_BURST20190912101836.jpg,00060,test
Eocanthecona_Bug_A__00062IMG_00062_BURST20190913102614.jpg,00062,test
Eocanthecona_Bug_A__00063IMG_00063_BURST20190912101022.jpg,00063,test
Eocanthecona_Bug_A__00066IMG_00066_BURST20190912100516.jpg,00066,test
Eocanthecona_Bug_A__00066IMG_00066_BURST20190912101631.jpg,00066,test
Eocanthecona_Bug_A__00066IMG_00066_BURST20190913102732.jpg,00066,test
Eocanthecona_Bug_A__00066IMG_00066_BURST20190913115038.jpg,00066,test
Eocanthecona_Bug_A__00067IMG_00067_BURST20190912101457.jpg,00067,test
Eocanthecona_Bug_A__00067IMG_00067_BURST20190912101836.jpg,00067,test
Eocanthecona_Bug_A__00067IMG_00067_BURST20190913103037.jpg,00067,test
Eocanthecona_Bug_A__00069IMG_00069_BURST20190912100618.jpg,00069,test
Eocanthecona_Bug_A__00069IMG_00069_BURST20190912101022.jpg,00069,test
Eocanthecona_Bug_A__00069IMG_00069_BURST20190912101457.jpg,00069,test
Eocanthecona_Bug_A__00069IMG_00069_BURST20190913102614.jpg,00069,test
Eocanthecona_Bug_A__00070IMG_00070_BURST20190913102614.jpg,00070,test
Eocanthecona_Bug_A__00071IMG_00071_BURST20190912100717.jpg,00071,test
Eocanthecona_Bug_A__00072IMG_00072_BURST20190912100850.jpg,00072,test
Eocanthecona_Bug_A__00072IMG_00072_BURST20190912101836.jpg,00072,test
Eocanthecona_Bug_A__00072IMG_00072_BURST20190913102614.jpg,00072,test
Eocanthecona_Bug_A__00072IMG_00072_BURST20190913115038.jpg,00072,test
Eocanthecona_Bug_A__00073IMG_00073_BURST20190913102845.jpg,00073,test
Eocanthecona_Bug_A__00073IMG_00073_BURST20190913103037.jpg,00073,test
Eocanthecona_Bug_A__00075IMG_00075_BURST20190912100850.jpg,00075,test
Eocanthecona_Bug_A__00075IMG_00075_BURST20190913102732.jpg,00075,test
Eocanthecona_Bug_A__00076IMG_00076_BURST20190912100850.jpg,00076,test
Eocanthecona_Bug_A__00076IMG_00076_BURST20190913102732.jpg,00076,test
Eocanthecona_Bug_A__00077IMG_00077_BURST20190912101631.jpg,00077,test
Eocanthecona_Bug_A__00078IMG_00078_BURST20190912100618.jpg,00078,test
Eocanthecona_Bug_A__00078IMG_00078_BURST20190912100717.jpg,00078,test
Eocanthecona_Bug_A__00078IMG_00078_BURST20190913102732.jpg,00078,test
Eocanthecona_Bug_A__00079IMG_00079_BURST20190912101022.jpg,00079,test
Eocanthecona_Bug_A__00079IMG_00079_BURST20190912101836.jpg,00079,test
Eocanthecona_Bug_A__00079IMG_00079_BURST20190913115038.jpg,00079,test
Eocanthecona_Bug_A__00080IMG_00080_BURST20190913102614.jpg,00080,test
Eocanthecona_Bug_A__00085IMG_00085_BURST20190913102845.jpg,00085,test
Eocanthecona_Bug_A__00085IMG_00085_BURST20190913115038.jpg,00085,test
Eocanthecona_Bug_A__00086IMG_00086_BURST20190913102614.jpg,00086,test
Eocanthecona_Bug_A__00086IMG_00086_BURST20190913102732.jpg,00086,test
Eocanthecona_Bug_A__00086IMG_00086_BURST20190913102845.jpg,00086,test
Eocanthecona_Bug_A__00086IMG_00086_BURST20190913103037.jpg,00086,test
Eocanthecona_Bug_A__00087IMG_00087_BURST20190913102732.jpg,00087,test
Eocanthecona_Bug_A__00087IMG_00087_BURST20190913102845.jpg,00087,test
Eocanthecona_Bug_A__00088IMG_00088_BURST20190912100850.jpg,00088,test
Eocanthecona_Bug_A__00089IMG_00089_BURST20190912101457.jpg,00089,test
Eocanthecona_Bug_A__00091IMG_00091_BURST20190913103037.jpg,00091,test
Eocanthecona_Bug_A__00093IMG_00093_BURST20190912101631.jpg,00093,test
Eocanthecona_Bug_A__00093IMG_00093_BURST20190913102614.jpg,00093,test
Eocanthecona_Bug_A__00093IMG_00093_BURST20190913102732.jpg,00093,test
Eocanthecona_Bug_A__00097IMG_00097_BURST20190912100850.jpg,00097,test
Eocanthecona_Bug_A__00099IMG_00099_BURST20190912101457.jpg,00099,test
Larva_Spodoptera_D__00002IMG_00002_BURST20191001101149.jpg,00002,test
Larva_Spodoptera_D__00002IMG_00002_BURST20191001101549.jpg,00002,test
Larva_Spodoptera_D__00004IMG_00004_BURST20191001102457.jpg,00004,test
Larva_Spodoptera_D__00009IMG_00009_BURST20191001101323.jpg,00009,test
Larva_Spodoptera_D__00011IMG_00011_BURST20191001102055.jpg,00011,test
Larva_Spodoptera_D__00012IMG_00012_BURST20191001102824.jpg,00012,test
Larva_Spodoptera_D__00013IMG_00013_BURST20191001102238.jpg,00013,test
Larva_Spodoptera_D__00018IMG_00018_BURST20191001101323.jpg,00018,test
Larva_Spodoptera_D__00018IMG_00018_BURST20191001101549.jpg,00018,test
Larva_Spodoptera_D__00021IMG_00021_BURST20191001102630.jpg,00021,test
Larva_Spodoptera_D__00025IMG_00025_BURST20191001101549.jpg,00025,test
Larva_Spodoptera_D__00026IMG_00026_BURST20191001101323.jpg,00026,test
Larva_Spodoptera_D__00026IMG_00026_BURST20191001102630.jpg,00026,test
Larva_Spodoptera_D__00027IMG_00027_BURST20191001102055.jpg,00027,test
Larva_Spodoptera_D__00029IMG_00029_BURST20191001102238.jpg,00029,test
Larva_Spodoptera_D__00035IMG_00035_BURST20191001102238.jpg,00035,test
Larva_Spodoptera_D__00036IMG_00036_BURST20191001101323.jpg,00036,test
Larva_Spodoptera_D__00038IMG_00038_BURST20191001101549.jpg,00038,test
Larva_Spodoptera_D__00039IMG_00039_BURST20191001102630.jpg,00039,test
Larva_Spodoptera_D__00039IMG_00039_BURST20191001102824.jpg,00039,test
Larva_Spodoptera_D__00040IMG_00040_BURST20191001102238.jpg,00040,test
Larva_Spodoptera_D__00041IMG_00041_BURST20191001102457.jpg,00041,test
Larva_Spodoptera_D__00044IMG_00044_BURST20191001102630.jpg,00044,test
Larva_Spodoptera_D__00046IMG_00046_BURST20191001102457.jpg,00046,test
Larva_Spodoptera_D__00046IMG_00046_BURST20191001102824.jpg,00046,test
Larva_Spodoptera_D__00049IMG_00049_BURST20191001102055.jpg,00049,test
Larva_Spodoptera_D__00049IMG_00049_BURST20191001102457.jpg,00049,test
Larva_Spodoptera_D__00049IMG_00049_BURST20191001102824.jpg,00049,test
Larva_Spodoptera_D__00050IMG_00050_BURST20191001101549.jpg,00050,test
Larva_Spodoptera_D__00051IMG_00051_BURST20191001101019.jpg,00051,test
Larva_Spodoptera_D__00052IMG_00052_BURST20191001102457.jpg,00052,test
Larva_Spodoptera_D__00055IMG_00055_BURST20191001102630.jpg,00055,test
Larva_Spodoptera_D__00058IMG_00058_BURST20191001102238.jpg,00058,test
Larva_Spodoptera_D__00060IMG_00060_BURST20191001102055.jpg,00060,test
Larva_Spodoptera_D__00060IMG_00060_BURST20191001102238.jpg,00060,test
Larva_Spodoptera_D__00061IMG_00061_BURST20191001102055.jpg,00061,test
Larva_Spodoptera_D__00061IMG_00061_BURST20191001102238.jpg,00061,test
Larva_Spodoptera_D__00062IMG_00062_BURST20191001102055.jpg,00062,test
Larva_Spodoptera_D__00064IMG_00064_BURST20191001102055.jpg,00064,test
Larva_Spodoptera_D__00064IMG_00064_BURST20191001102630.jpg,00064,test
Larva_Spodoptera_D__00066IMG_00066_BURST20191001102824.jpg,00066,test
Larva_Spodoptera_D__00071IMG_00071_BURST20191001102238.jpg,00071,test
Larva_Spodoptera_D__00072IMG_00072_BURST20191001102630.jpg,00072,test
Larva_Spodoptera_D__00072IMG_00072_BURST20191001102824.jpg,00072,test
Larva_Spodoptera_D__00073IMG_00073_BURST20191001101323.jpg,00073,test
Larva_Spodoptera_D__00073IMG_00073_BURST20191001101549.jpg,00073,test
Larva_Spodoptera_D__00073IMG_00073_BURST20191001102055.jpg,00073,test
Larva_Spodoptera_D__00073IMG_00073_BURST20191001102238.jpg,00073,test
Larva_Spodoptera_D__00076IMG_00076_BURST20191001101323.jpg,00076,test
Larva_Spodoptera_D__00077IMG_00077_BURST20191001102238.jpg,00077,test
Larva_Spodoptera_D__00079IMG_00079_BURST20191001102238.jpg,00079,test
Larva_Spodoptera_D__00081IMG_00081_BURST20191001102055.jpg,00081,test
Larva_Spodoptera_D__00084IMG_00084_BURST20191001101323.jpg,00084,test
Red_Hairy_Catterpillar_C__00002IMG_00002_BURST20190913112954.jpg,00002,test
Red_Hairy_Catterpillar_C__00002IMG_00002_BURST20190913113303.jpg,00002,test
Red_Hairy_Catterpillar_C__00003IMG_00003_BURST20190913113132.jpg,00003,test
Red_Hairy_Catterpillar_C__00003IMG_00003_BURST20190913114622.jpg,00003,test
Red_Hairy_Catterpillar_C__00003IMG_00003_BURST20190913114800.jpg,00003,test
Red_Hairy_Catterpillar_C__00004IMG_00004_BURST20190913113633.jpg,00004,test
Red_Hairy_Catterpillar_C__00005IMG_00005_BURST20190913114622.jpg,00005,test
Red_Hairy_Catterpillar_C__00006IMG_00006_BURST20190913112954.jpg,00006,test
Red_Hairy_Catterpillar_C__00007IMG_00007_BURST20190913113132.jpg,00007,test
Red_Hairy_Catterpillar_C__00007IMG_00007_BURST20190913113303.jpg,00007,test
Red_Hairy_Catterpillar_C__00008IMG_00008_BURST20190913114622.jpg,00008,test
Red_Hairy_Catterpillar_C__00009IMG_00009_BURST20190913113444.jpg,00009,test
Red_Hairy_Catterpillar_C__00011IMG_00011_BURST20190913112954.jpg,00011,test
Red_Hairy_Catterpillar_C__00011IMG_00011_BURST20190913113132.jpg,00011,test
Red_Hairy_Catterpillar_C__00011IMG_00011_BURST20190913114800.jpg,00011,test
Red_Hairy_Catterpillar_C__00014IMG_00014_BURST20190913113633.jpg,00014,test
Red_Hairy_Catterpillar_C__00016IMG_00016_BURST20190913113132.jpg,00016,test
Red_Hairy_Catterpillar_C__00016IMG_00016_BURST20190913113303.jpg,00016,test
Red_Hairy_Catterpillar_C__00016IMG_00016_BURST20190913113444.jpg,00016,test
Red_Hairy_Catterpillar_C__00016IMG_00016_BURST20190913113948.jpg,00016,test
Red_Hairy_Catterpillar_C__00017IMG_00017_BURST20190913113633.jpg,00017,test
Red_Hairy_Catterpillar_C__00019IMG_00019_BURST20190913113633.jpg,00019,test
Red_Hairy_Catterpillar_C__00021IMG_00021_BURST20190913114142.jpg,00021,test
Red_Hairy_Catterpillar_C__00022IMG_00022_BURST20190913113444.jpg,00022,test
Red_Hairy_Catterpillar_C__00024IMG_00024_BURST20190913113303.jpg,00024,test
Red_Hairy_Catterpillar_C__00025IMG_00025_BURST20190913113303.jpg,00025,test
Red_Hairy_Catterpillar_C__00026IMG_00026_BURST20190913112954.jpg,00026,test
Red_Hairy_Catterpillar_C__00027IMG_00027_BURST20190913114402.jpg,00027,test
Red_Hairy_Catterpillar_C__00029IMG_00029_BURST20190913113303.jpg,00029,test
Red_Hairy_Catterpillar_C__00033IMG_00033_BURST20190913113633.jpg,00033,test
Red_Hairy_Catterpillar_C__00034IMG_00034_BURST20190913112954.jpg,00034,test
Red_Hairy_Catterpillar_C__00034IMG_00034_BURST20190913113803.jpg,00034,test
Red_Hairy_Catterpillar_C__00035IMG_00035_BURST20190913113633.jpg,00035,test
Red_Hairy_Catterpillar_C__00036IMG_00036_BURST20190913112954.jpg,00036,test
Red_Hairy_Catterpillar_C__00036IMG_00036_BURST20190913114622.jpg,00036,test
Red_Hairy_Catterpillar_C__00037IMG_00037_BURST20190913113303.jpg,00037,test
Red_Hairy_Catterpillar_C__00038IMG_00038_BURST20190913112954.jpg,00038,test
Red_Hairy_Catterpillar_C__00038IMG_00038_BURST20190913113132.jpg,00038,test
Red_Hairy_Catterpillar_C__00038IMG_00038_BURST20190913113303.jpg,00038,test
Red_Hairy_Catterpillar_C__00038IMG_00038_BURST20190913114142.jpg,00038,test
Red_Hairy_Catterpillar_C__00040IMG_00040_BURST20190913113803.jpg,00040,test
Red_Hairy_Catterpillar_C__00040IMG_00040_BURST20190913113948.jpg,00040,test
Red_Hairy_Catterpillar_C__00042IMG_00042_BURST20190913113633.jpg,00042,test
Red_Hairy_Catterpillar_C__00042IMG_00042_BURST20190913114142.jpg,00042,test
Red_Hairy_Catterpillar_C__00043IMG_00043_BURST20190913113633.jpg,00043,test
Red_Hairy_Catterpillar_C__00043IMG_00043_BURST20190913114622.jpg,00043,test
Red_Hairy_Catterpillar_C__00044IMG_00044_BURST20190913113132.jpg,00044,test
Red_Hairy_Catterpillar_C__00044IMG_00044_BURST20190913114622.jpg,00044,test
Red_Hairy_Catterpillar_C__00045IMG_00045_BURST20190913113633.jpg,00045,test
Red_Hairy_Catterpillar_C__00047IMG_00047_BURST20190913113132.jpg,00047,test
Red_Hairy_Catterpillar_C__00047IMG_00047_BURST20190913113303.jpg,00047,test
Red_Hairy_Catterpillar_C__00049IMG_00049_BURST20190913113948.jpg,00049,test
Red_Hairy_Catterpillar_C__00051IMG_00051_BURST20190913113132.jpg,00051,test
Red_Hairy_Catterpillar_C__00053IMG_00053_BURST20190913113444.jpg,00053,test
Red_Hairy_Catterpillar_C__00053IMG_00053_BURST20190913114142.jpg,00053,test
Red_Hairy_Catterpillar_C__00056IMG_00056_BURST20190913113444.jpg,00056,test
Red_Hairy_Catterpillar_C__00056IMG_00056_BURST20190913114142.jpg,00056,test
Red_Hairy_Catterpillar_C__00058IMG_00058_BURST20190913113303.jpg,00058,test
Red_Hairy_Catterpillar_C__00058IMG_00058_BURST20190913113444.jpg,00058,test
Red_Hairy_Catterpillar_C__00058IMG_00058_BURST20190913113948.jpg,00058,test
Red_Hairy_Catterpillar_C__00059IMG_00059_BURST20190913113132.jpg,00059,test
Red_Hairy_Catterpillar_C__00061IMG_00061_BURST20190913113444.jpg,00061,test
Red_Hairy_Catterpillar_C__00061IMG_00061_BURST20190913113803.jpg,00061,test
Red_Hairy_Catterpillar_C__00062IMG_00062_BURST20190913113948.jpg,00062,test
Red_Hairy_Catterpillar_C__00063IMG_00063_BURST20190913114402.jpg,00063,test
Red_Hairy_Catterpillar_C__00064IMG_00064_BURST20190913113803.jpg,00064,test
Red_Hairy_Catterpillar_C__00065IMG_00065_BURST20190913114142.jpg,00065,test
Red_Hairy_Catterpillar_C__00066IMG_00066_BURST20190913114142.jpg,00066,test
Red_Hairy_Catterpillar_C__00066IMG_00066_BURST20190913114402.jpg,00066,test
Red_Hairy_Catterpillar_C__00070IMG_00070_BURST20190913113948.jpg,00070,test
Red_Hairy_Catterpillar_C__00073IMG_00073_BURST20190913113803.jpg,00073,test
Red_Hairy_Catterpillar_C__00074IMG_00074_BURST20190913113633.jpg,00074,test
Red_Hairy_Catterpillar_C__00074IMG_00074_BURST20190913114402.jpg,00074,test
Red_Hairy_Catterpillar_C__00075IMG_00075_BURST20190913114402.jpg,00075,test
Red_Hairy_Catterpillar_C__00077IMG_00077_BURST20190913113633.jpg,00077,test
Red_Hairy_Catterpillar_C__00077IMG_00077_BURST20190913114142.jpg,00077,test
Red_Hairy_Catterpillar_C__00079IMG_00079_BURST20190913113132.jpg,00079,test
Red_Hairy_Catterpillar_C__00079IMG_00079_BURST20190913113444.jpg,00079,test
Red_Hairy_Catterpillar_C__00079IMG_00079_BURST20190913113803.jpg,00079,test
Red_Hairy_Catterpillar_C__00079IMG_00079_BURST20190913114622.jpg,00079,test
Red_Hairy_Catterpillar_C__00080IMG_00080_BURST20190913114142.jpg,00080,test
Red_Hairy_Catterpillar_C__00082IMG_00082_BURST20190913112954.jpg,00082,test
Red_Hairy_Catterpillar_C__00082IMG_00082_BURST20190913114402.jpg,00082,test
Red_Hairy_Catterpillar_C__00083IMG_00083_BURST20190913113803.jpg,00083,test
Red_Hairy_Catterpillar_C__00084IMG_00084_BURST20190913113803.jpg,00084,test
Red_Hairy_Catterpillar_C__00085IMG_00085_BURST20190913112954.jpg,00085,test
Red_Hairy_Catterpillar_C__00085IMG_00085_BURST20190913114402.jpg,00085,test
Red_Hairy_Catterpillar_C__00087IMG_00087_BURST20190913113444.jpg,00087,test
Red_Hairy_Catterpillar_C__00087IMG_00087_BURST20190913113948.jpg,00087,test
Red_Hairy_Catterpillar_C__00088IMG_00088_BURST20190913113303.jpg,00088,test
Red_Hairy_Catterpillar_C__00088IMG_00088_BURST20190913113803.jpg,00088,test
Red_Hairy_Catterpillar_C__00091IMG_00091_BURST20190913113633.jpg,00091,test
Red_Hairy_Catterpillar_C__00091IMG_00091_BURST20190913114622.jpg,00091,test
Red_Hairy_Catterpillar_C__00092IMG_00092_BURST20190913113803.jpg,00092,test
Red_Hairy_Catterpillar_C__00093IMG_00093_BURST20190913113303.jpg,00093,test
Red_Hairy_Catterpillar_C__00094IMG_00094_BURST20190913113803.jpg,00094,test
Red_Hairy_Catterpillar_C__00096IMG_00096_BURST20190913112954.jpg,00096,test
Red_Hairy_Catterpillar_C__00096IMG_00096_BURST20190913113132.jpg,00096,test
Red_Hairy_Catterpillar_C__00096IMG_00096_BURST20190913113948.jpg,00096,test
Red_Hairy_Catterpillar_C__00097IMG_00097_BURST20190913113444.jpg,00097,test
Red_Hairy_Catterpillar_C__00097IMG_00097_BURST20190913114402.jpg,00097,test
Red_Hairy_Catterpillar_C__00099IMG_00099_BURST20190913113303.jpg,00099,test
Red_Hairy_Catterpillar_C__00099IMG_00099_BURST20190913114622.jpg,00099,test
Tobacco_Caterpillar_B__00003IMG_00003_BURST20190913112300.jpg,00003,test
Tobacco_Caterpillar_B__00004IMG_00004_BURST20190913111528.jpg,00004,test
Tobacco_Caterpillar_B__00005IMG_00005_BURST20190913112050.jpg,00005,test
Tobacco_Caterpillar_B__00005IMG_00005_BURST20190913112429.jpg,00005,test
Tobacco_Caterpillar_B__00006IMG_00006_BURST20190913112603.jpg,00006,test
Tobacco_Caterpillar_B__00008IMG_00008_BURST20190913111528.jpg,00008,test
Tobacco_Caterpillar_B__00010IMG_00010_BURST20190913111652.jpg,00010,test
Tobacco_Caterpillar_B__00011IMG_00011_BURST20190913112050.jpg,00011,test
Tobacco_Caterpillar_B__00012IMG_00012_BURST20190913111652.jpg,00012,test
Tobacco_Caterpillar_B__00012IMG_00012_BURST20190913112050.jpg,00012,test
Tobacco_Caterpillar_B__00013IMG_00013_BURST20190913111207.jpg,00013,test
Tobacco_Caterpillar_B__00013IMG_00013_BURST20190913112050.jpg,00013,test
Tobacco_Caterpillar_B__00014IMG_00014_BURST20190913111207.jpg,00014,test
Tobacco_Caterpillar_B__00014IMG_00014_BURST20190913112050.jpg,00014,test
Tobacco_Caterpillar_B__00016IMG_00016_BURST20190913112050.jpg,00016,test
Tobacco_Caterpillar_B__00017IMG_00017_BURST20190913111032.jpg,00017,test
Tobacco_Caterpillar_B__00017IMG_00017_BURST20190913111401.jpg,00017,test
Tobacco_Caterpillar_B__00017IMG_00017_BURST20190913111528.jpg,00017,test
Tobacco_Caterpillar_B__00017IMG_00017_BURST20190913112050.jpg,00017,test
Tobacco_Caterpillar_B__00018IMG_00018_BURST20190913111207.jpg,00018,test
Tobacco_Caterpillar_B__00020IMG_00020_BURST20190913111032.jpg,00020,test
Tobacco_Caterpillar_B__00021IMG_00021_BURST20190913112300.jpg,00021,test
Tobacco_Caterpillar_B__00022IMG_00022_BURST20190913111207.jpg,00022,test
Tobacco_Caterpillar_B__00023IMG_00023_BURST20190913111831.jpg,00023,test
Tobacco_Caterpillar_B__00024IMG_00024_BURST20190913111528.jpg,00024,test
Tobacco_Caterpillar_B__00025IMG_00025_BURST20190913112603.jpg,00025,test
Tobacco_Caterpillar_B__00027IMG_00027_BURST20190913111032.jpg,00027,test
Tobacco_Caterpillar_B__00027IMG_00027_BURST20190913112300.jpg,00027,test
Tobacco_Caterpillar_B__00027IMG_00027_BURST20190913112603.jpg,00027,test
Tobacco_Caterpillar_B__00029IMG_00029_BURST20190913111401.jpg,00029,test
Tobacco_Caterpillar_B__00029IMG_00029_BURST20190913112603.jpg,00029,test
Tobacco_Caterpillar_B__00030IMG_00030_BURST20190913111652.jpg,00030,test
Tobacco_Caterpillar_B__00030IMG_00030_BURST20190913112300.jpg,00030,test
Tobacco_Caterpillar_B__00031IMG_00031_BURST20190913111207.jpg,00031,test
Tobacco_Caterpillar_B__00032IMG_00032_BURST20190913111032.jpg,00032,test
Tobacco_Caterpillar_B__00033IMG_00033_BURST20190913111207.jpg,00033,test
Tobacco_Caterpillar_B__00033IMG_00033_BURST20190913111401.jpg,00033,test
Tobacco_Caterpillar_B__00035IMG_00035_BURST20190913111032.jpg,00035,test
Tobacco_Caterpillar_B__00036IMG_00036_BURST20190913111401.jpg,00036,test
Tobacco_Caterpillar_B__00037IMG_00037_BURST20190913111528.jpg,00037,test
Tobacco_Caterpillar_B__00039IMG_00039_BURST20190913111401.jpg,00039,test
Tobacco_Caterpillar_B__00039IMG_00039_BURST20190913111831.jpg,00039,test
Tobacco_Caterpillar_B__00039IMG_00039_BURST20190913112300.jpg,00039,test
Tobacco_Caterpillar_B__00039IMG_00039_BURST20190913112603.jpg,00039,test
Tobacco_Caterpillar_B__00042IMG_00042_BURST20190913112429.jpg,00042,test
Tobacco_Caterpillar_B__00046IMG_00046_BURST20190913111528.jpg,00046,test
Tobacco_Caterpillar_B__00048IMG_00048_BURST20190913111207.jpg,00048,test
Tobacco_Caterpillar_B__00048IMG_00048_BURST20190913111652.jpg,00048,test
Tobacco_Caterpillar_B__00048IMG_00048_BURST20190913112429.jpg,00048,test
Tobacco_Caterpillar_B__00048IMG_00048_BURST20190913112603.jpg,00048,test
Tobacco_Caterpillar_B__00049IMG_00049_BURST20190913111207.jpg,00049,test
Tobacco_Caterpillar_B__00049IMG_00049_BURST20190913111528.jpg,00049,test
Tobacco_Caterpillar_B__00049IMG_00049_BURST20190913112603.jpg,00049,test
Tobacco_Caterpillar_B__00052IMG_00052_BURST20190913112050.jpg,00052,test
Tobacco_Caterpillar_B__00055IMG_00055_BURST20190913111032.jpg,00055,test
Tobacco_Caterpillar_B__00058IMG_00058_BURST20190913111207.jpg,00058,test
Tobacco_Caterpillar_B__00059IMG_00059_BURST20190913111032.jpg,00059,test
Tobacco_Caterpillar_B__00060IMG_00060_BURST20190913111032.jpg,00060,test
Tobacco_Caterpillar_B__00060IMG_00060_BURST20190913112429.jpg,00060,test
Tobacco_Caterpillar_B__00063IMG_00063_BURST20190913111207.jpg,00063,test
Tobacco_Caterpillar_B__00063IMG_00063_BURST20190913112050.jpg,00063,test
Tobacco_Caterpillar_B__00065IMG_00065_BURST20190913112300.jpg,00065,test
Tobacco_Caterpillar_B__00068IMG_00068_BURST20190913111401.jpg,00068,test
Tobacco_Caterpillar_B__00069IMG_00069_BURST20190913111032.jpg,00069,test
Tobacco_Caterpillar_B__00069IMG_00069_BURST20190913112300.jpg,00069,test
Tobacco_Caterpillar_B__00070IMG_00070_BURST20190913112429.jpg,00070,test
Tobacco_Caterpillar_B__00071IMG_00071_BURST20190913111401.jpg,00071,test
Tobacco_Caterpillar_B__00071IMG_00071_BURST20190913111652.jpg,00071,test
Tobacco_Caterpillar_B__00071IMG_00071_BURST20190913112050.jpg,00071,test
Tobacco_Caterpillar_B__00073IMG_00073_BURST20190913112050.jpg,00073,test
Tobacco_Caterpillar_B__00073IMG_00073_BURST20190913112429.jpg,00073,test
Tobacco_Caterpillar_B__00075IMG_00075_BURST20190913111032.jpg,00075,test
Tobacco_Caterpillar_B__00075IMG_00075_BURST20190913112050.jpg,00075,test
Tobacco_Caterpillar_B__00077IMG_00077_BURST20190913112603.jpg,00077,test
Tobacco_Caterpillar_B__00078IMG_00078_BURST20190913111207.jpg,00078,test
Tobacco_Caterpillar_B__00079IMG_00079_BURST20190913111032.jpg,00079,test
Tobacco_Caterpillar_B__00081IMG_00081_BURST20190913111831.jpg,00081,test
Tobacco_Caterpillar_B__00081IMG_00081_BURST20190913112429.jpg,00081,test
Tobacco_Caterpillar_B__00083IMG_00083_BURST20190913111207.jpg,00083,test
Tobacco_Caterpillar_B__00084IMG_00084_BURST20190913112300.jpg,00084,test
Tobacco_Caterpillar_B__00086IMG_00086_BURST20190913111831.jpg,00086,test
Tobacco_Caterpillar_B__00089IMG_00089_BURST20190913111032.jpg,00089,test
Tobacco_Caterpillar_B__00093IMG_00093_BURST20190913111528.jpg,00093,test
Tobacco_Caterpillar_B__00093IMG_00093_BURST20190913112050.jpg,00093,test
Tobacco_Caterpillar_B__00094IMG_00094_BURST20190913112300.jpg,00094,test
Tobacco_Caterpillar_B__00095IMG_00095_BURST20190913111652.jpg,00095,test
Tobacco_Caterpillar_B__00095IMG_00095_BURST20190913111831.jpg,00095,test
Tobacco_Caterpillar_B__00096IMG_00096_BURST20190913112300.jpg,00096,test
Tobacco_Caterpillar_B__00097IMG_00097_BURST20190913111207.jpg,00097,test
Tobacco_Caterpillar_B__00097IMG_00097_BURST20190913111528.jpg,00097,test
Tobacco_Caterpillar_B__00098IMG_00098_BURST20190913111528.jpg,00098,test
Tobacco_Caterpillar_B__00099IMG_00099_BURST20190913111401.jpg,00099,test
Tobacco_Caterpillar_B__00099IMG_00099_BURST20190913112429.jpg,00099,test
